Day_of_week,Age_band_of_driver,Sex_of_driver,Educational_level,Vehicle_driver_relation,Driving_experience,Type_of_vehicle,Owner_of_vehicle,Service_year_of_vehicle,Defect_of_vehicle,Area_accident_occured,Lanes_or_Medians,Road_allignment,Types_of_Junction,Road_surface_type,Road_surface_conditions,Light_conditions,Weather_conditions,Type_of_collision,Number_of_vehicles_involved,Number_of_casualties,Vehicle_movement,Casualty_class,Sex_of_casualty,Age_band_of_casualty,Casualty_severity,Cause_of_accident,Accident_severity,Accident_Hour,Time_Period,High_Risk_Weather,Vehicles_Category,Casualties_Category
Tuesday,18-30,Male,Junior high school,Employee,1-2yr,Automobile,Owner,Unknown,No defect,Office areas,Undivided Two way,Tangent road with flat terrain,Y Shape,Asphalt roads,Dry,Daylight,Normal,Collision with roadside objects,2,1.0,Going straight,na,na,na,na,Moving Backward,Slight Injury,8,Morning,0,Medium,Low
Wednesday,Unknown,Male,Elementary school,Owner,5-10yr,Public (13?45 seats),Owner,Unknown,No defect,Residential areas,Undivided Two way,Tangent road with flat terrain,No junction,Asphalt roads,Dry,Darkness - lights lit,Normal,Vehicle with vehicle collision,2,1.0,Going straight,Driver or rider,Male,18-30,3,Overturning,Slight Injury,23,Night,0,Medium,Low
Thursday,31-50,Male,Junior high school,Employee,2-5yr,Public (> 45 seats),Owner,Unknown,No defect,Office areas,Undivided Two way,Tangent road with flat terrain,Y Shape,Asphalt roads,Dry,Daylight,Normal,Vehicle with vehicle collision,2,1.0,Turnover,na,na,na,na,Driving under the influence of drugs,Slight Injury,6,Morning,0,Medium,Low
Thursday,Unknown,Male,Junior high school,Owner,Below 1yr,Stationwagen,Owner,Unknown,No defect,Office areas,Undivided Two way,Tangent road with flat terrain,Y Shape,Asphalt roads,Dry,Daylight,Normal,Vehicle with vehicle collision,2,1.0,Moving Backward,Driver or rider,Male,18-30,3,Changing lane to the right,Slight Injury,6,Morning,0,Medium,Low
Monday,18-30,Male,Writing & reading,Employee,5-10yr,Automobile,Owner,Unknown,No defect,Office areas,Two-way (divided with broken lines road marking),Tangent road with flat terrain,Crossing,Asphalt roads,Dry,Daylight,Normal,Vehicle with vehicle collision,2,1.0,Going straight,Driver or rider,Female,Over 51,3,Changing lane to the left,Slight Injury,11,Morning,0,Medium,Low
Monday,Unknown,Male,Writing & reading,Employee,5-10yr,Lorry (41?100Q),Owner,Unknown,No defect,Office areas,Two-way (divided with broken lines road marking),Tangent road with flat terrain,Crossing,Asphalt roads,Dry,Daylight,Normal,Vehicle with vehicle collision,2,1.0,Moving Backward,Passenger,Female,Over 51,3,No distancing,Slight Injury,11,Morning,0,Medium,Low
Tuesday,Unknown,Male,Junior high school,Employee,5-10yr,Stationwagen,Owner,Unknown,No defect,Other,Undivided Two way,Tangent road with flat terrain,Y Shape,Asphalt roads,Dry,Daylight,Normal,Vehicle with vehicle collision,2,1.0,Going straight,Passenger,Male,Under 18,3,No distancing,Slight Injury,9,Morning,0,Medium,Low
Thursday,31-50,Male,Junior high school,Employee,2-5yr,Lorry (41?100Q),Owner,Unknown,No defect,Other,Two-way (divided with broken lines road marking),Tangent road with flat terrain,Y Shape,Asphalt roads,Dry,Daylight,Normal,Vehicle with vehicle collision,2,1.0,Unknown,Driver or rider,Male,18-30,3,No priority to vehicle,Serious Injury,9,Morning,0,Medium,Low
Thursday,18-30,Male,Junior high school,Employee,Above 10yr,Public (12 seats),Owner,2-5yrs,Unkown,Other,Two-way (divided with broken lines road marking),Tangent road with flat terrain,Y Shape,Earth roads,Dry,Daylight,Normal,Collision with roadside objects,2,1.0,Going straight,Pedestrian,Female,31-50,3,Moving Backward,Serious Injury,9,Morning,0,Medium,Low
Friday,31-50,Male,Junior high school,Employee,5-10yr,Lorry (41?100Q),Owner,2-5yrs,Unkown,Residential areas,One way,Tangent road with flat terrain,Crossing,Asphalt roads,Dry,Daylight,Normal,Collision with roadside objects,2,1.0,Unknown,na,na,na,na,Moving Backward,Slight Injury,9,Morning,0,Medium,Low
Friday,18-30,Male,Junior high school,Employee,Above 10yr,Other,Owner,2-5yrs,Unkown,School areas,Undivided Two way,Tangent road with mild grade and flat terrain,Crossing,Asphalt roads,Dry,Daylight,Normal,Vehicle with vehicle collision,2,1.0,Going straight,Driver or rider,Female,31-50,3,Getting off the vehicle improperly,Slight Injury,9,Morning,0,Medium,Low
Thursday,Under 18,Male,Junior high school,Employee,2-5yr,Stationwagen,Owner,2-5yrs,Unkown,Residential areas,Undivided Two way,Tangent road with mild grade and flat terrain,Y Shape,Asphalt roads,Dry,Darkness - lights lit,Normal,Vehicle with vehicle collision,2,1.0,Unknown,na,na,na,na,Changing lane to the left,Slight Injury,22,Night,0,Medium,Low
Thursday,18-30,Male,Junior high school,Employee,Below 1yr,Automobile,Owner,2-5yrs,No defect,Office areas,Two-way (divided with broken lines road marking),Tangent road with flat terrain,Crossing,Asphalt roads,Dry,Darkness - lights lit,Normal,Vehicle with vehicle collision,2,1.0,Going straight,Driver or rider,Male,18-30,3,Changing lane to the left,Slight Injury,20,Evening,0,Medium,Low
Thursday,31-50,Male,Junior high school,Employee,Below 1yr,Public (> 45 seats),Owner,Unknown,No defect, Church areas,One way,Tangent road with flat terrain,Crossing,Earth roads,Dry,Darkness - lights lit,Normal,Vehicle with vehicle collision,2,1.0,Going straight,na,na,na,na,No priority to vehicle,Slight Injury,20,Evening,0,Medium,Low
Friday,31-50,Male,Junior high school,Owner,5-10yr,Other,Owner,Unknown,No defect,Other,Undivided Two way,Tangent road with flat terrain,Crossing,Asphalt roads,Dry,Darkness - lights lit,Normal,Vehicle with vehicle collision,2,1.0,Going straight,Driver or rider,Male,31-50,3,Changing lane to the right,Slight Injury,20,Evening,0,Medium,Low
Friday,31-50,Male,Junior high school,Employee,2-5yr,Lorry (41?100Q),Owner,2-5yrs,No defect,Other,One way,Tangent road with flat terrain,Crossing,Asphalt roads,Dry,Darkness - lights lit,Normal,Rollover,2,1.0,Going straight,na,na,na,na,Changing lane to the right,Slight Injury,20,Evening,0,Medium,Low
Sunday,18-30,Male,Elementary school,Employee,Below 1yr,Automobile,Owner,5-10yrs,No defect,Other,Two-way (divided with broken lines road marking),Tangent road with flat terrain,Crossing,Asphalt roads,Dry,Daylight,Normal,Vehicle with vehicle collision,2,1.0,Going straight,na,na,na,na,Driving carelessly,Slight Injury,13,Afternoon,0,Medium,Low
Sunday,Unknown,Male,Junior high school,Employee,2-5yr,Public (> 45 seats),Owner,Unknown,No defect,Other,Two-way (divided with broken lines road marking),Tangent road with flat terrain,Crossing,Asphalt roads,Dry,Daylight,Normal,Collision with roadside objects,2,1.0,Other,Driver or rider,Male,31-50,3,Changing lane to the left,Slight Injury,13,Afternoon,0,Medium,Low
Saturday,31-50,Male,Junior high school,Employee,5-10yr,Automobile,Owner,Unknown,No defect,Office areas,Undivided Two way,Tangent road with flat terrain,Crossing,Asphalt roads,Dry,Darkness - lights lit,Normal,Collision with pedestrians,2,2.0,Other,Driver or rider,Male,31-50,3,Changing lane to the right,Slight Injury,22,Night,0,Medium,Low
Saturday,31-50,Male,High school,Employee,Above 10yr,Automobile,Owner,Unknown,No defect,Office areas,Two-way (divided with solid lines road marking),Tangent road with flat terrain,Crossing,Asphalt roads,Dry,Darkness - lights lit,Normal,Vehicle with vehicle collision,2,2.0,Going straight,na,na,na,na,Driving under the influence of drugs,Slight Injury,22,Night,0,Medium,Low
Saturday,Over 51,Male,High school,Employee,Above 10yr,Pick up upto 10Q,Owner,Unknown,No defect,Residential areas,Undivided Two way,Tangent road with flat terrain,Crossing,Asphalt roads,Dry,Darkness - lights lit,Normal,Vehicle with vehicle collision,2,2.0,Going straight,Driver or rider,Male,Under 18,3,Driving carelessly,Slight Injury,22,Night,0,Medium,Low
Sunday,31-50,Male,Junior high school,Employee,5-10yr,Public (12 seats),Owner,Unknown,No defect,Office areas,One way,Tangent road with flat terrain,Crossing,Asphalt roads,Dry,Daylight,Normal,Vehicle with vehicle collision,2,2.0,Getting off,Passenger,Male,Under 18,3,No distancing,Slight Injury,17,Evening,0,Medium,Low
Sunday,31-50,Male,Elementary school,Employee,1-2yr,Lorry (41?100Q),Owner,Unknown,No defect,Residential areas,Two-way (divided with broken lines road marking),Tangent road with flat terrain,Crossing,Other,Dry,Daylight,Normal,Vehicle with vehicle collision,2,2.0,Going straight,na,na,na,na,No priority to vehicle,Slight Injury,17,Evening,0,Medium,Low
Friday,18-30,Male,Elementary school,Employee,5-10yr,Lorry (41?100Q),Owner,Unknown,No defect,Office areas,Undivided Two way,Tangent road with flat terrain,No junction,Asphalt roads,Dry,Daylight,Normal,Vehicle with vehicle collision,2,1.0,Going straight,na,na,na,na,No priority to vehicle,Slight Injury,8,Morning,0,Medium,Low
Friday,Unknown,Male,Junior high school,Employee,5-10yr,Lorry (41?100Q),Owner,Unknown,No defect,Other,Two-way (divided with broken lines road marking),Tangent road with flat terrain,No junction,Asphalt roads,Dry,Daylight,Normal,Vehicle with vehicle collision,2,1.0,Going straight,Driver or rider,Male,31-50,2,No priority to vehicle,Slight Injury,8,Morning,0,Medium,Low
Friday,18-30,Male,Junior high school,Employee,1-2yr,Public (13?45 seats),Owner,Unknown,No defect,Office areas,One way,Tangent road with flat terrain,Crossing,Asphalt roads,Dry,Daylight,Normal,Vehicle with vehicle collision,2,1.0,Going straight,na,na,na,na,Changing lane to the left,Slight Injury,10,Morning,0,Medium,Low
Friday,Unknown,Male,Junior high school,Owner,5-10yr,Lorry (41?100Q),Owner,Unknown,No defect,School areas,Undivided Two way,Tangent road with flat terrain,Crossing,Asphalt roads,Dry,Daylight,Normal,Collision with roadside objects,2,1.0,Going straight,Driver or rider,Male,31-50,3,Moving Backward,Slight Injury,10,Morning,0,Medium,Low
Saturday,18-30,Male,High school,Owner,Above 10yr,Lorry (41?100Q),Owner,Unknown,Unkown,Residential areas,One way,Tangent road with flat terrain,Crossing,Asphalt roads,Dry,Daylight,Normal,Rollover,2,1.0,Getting off,Pedestrian,Male,18-30,3,Driving carelessly,Slight Injury,8,Morning,0,Medium,Low
Saturday,Unknown,Male,Junior high school,Owner,Below 1yr,Motorcycle,Owner,Unknown,Unkown,Office areas,Undivided Two way,Tangent road with flat terrain,Crossing,Asphalt roads,Dry,Daylight,Normal,Vehicle with vehicle collision,2,1.0,Going straight,na,na,na,na,Driving under the influence of drugs,Slight Injury,8,Morning,0,Medium,Low
Thursday,Unknown,Male,Writing & reading,Owner,5-10yr,Lorry (41?100Q),Owner,Unknown,No defect,Residential areas,Undivided Two way,Tangent road with flat terrain,Crossing,Asphalt roads,Dry,Daylight,Normal,Collision with pedestrians,2,1.0,Going straight,Driver or rider,Male,18-30,3,Changing lane to the right,Slight Injury,17,Evening,0,Medium,Low
Tuesday,Unknown,Male,Above high school,Employee,Above 10yr,Ridden horse,Owner,Above 10yr,Unkown,Office areas,Undivided Two way,Tangent road with flat terrain,Other,Earth roads,Dry,Darkness - lights lit,Normal,Vehicle with vehicle collision,2,1.0,Other,Pedestrian,Male,31-50,2,No priority to vehicle,Slight Injury,1,Night,0,Medium,Low
Monday,Over 51,Male,High school,Employee,Below 1yr,Automobile,Owner,Above 10yr,Unkown,Residential areas,One way,Tangent road with flat terrain,Y Shape,Asphalt roads,Dry,Daylight,Normal,Vehicle with vehicle collision,2,1.0,Going straight,Driver or rider,Male,Under 18,3,Changing lane to the right,Slight Injury,15,Afternoon,0,Medium,Low
Monday,18-30,Male,Junior high school,Employee,1-2yr,Lorry (41?100Q),Owner,Unknown,No defect,Other,other,Tangent road with flat terrain,Y Shape,Asphalt roads,Dry,Daylight,Normal,Collision with pedestrians,2,1.0,Going straight,na,na,na,na,Driving to the left,Slight Injury,15,Afternoon,0,Medium,Low
Monday,31-50,Male,Junior high school,Employee,Above 10yr,Pick up upto 10Q,Other,Unknown,Unkown,Other,Two-way (divided with broken lines road marking),Tangent road with flat terrain,Y Shape,Asphalt roads,Dry,Daylight,Normal,Collision with pedestrians,2,1.0,Going straight,Driver or rider,Male,31-50,3,Moving Backward,Slight Injury,15,Afternoon,0,Medium,Low
Monday,31-50,Male,Junior high school,Owner,Above 10yr,Public (> 45 seats),Owner,5-10yrs,Unkown,Office areas,Two-way (divided with broken lines road marking),Tangent road with flat terrain,Crossing,Asphalt roads,Dry,Daylight,Normal,Vehicle with vehicle collision,2,1.0,Going straight,na,na,na,na,No priority to vehicle,Slight Injury,11,Morning,0,Medium,Low
Monday,Over 51,Male,Junior high school,Employee,Above 10yr,Stationwagen,Owner,Above 10yr,No defect,Office areas,Two-way (divided with broken lines road marking),Tangent road with flat terrain,Y Shape,Asphalt roads,Dry,Daylight,Normal,Vehicle with vehicle collision,2,1.0,Going straight,Pedestrian,Male,31-50,3,No distancing,Slight Injury,9,Morning,0,Medium,Low
Monday,31-50,Male,Junior high school,Employee,No Licence,Automobile,Owner,2-5yrs,No defect,Residential areas,Two-way (divided with broken lines road marking),Tangent road with flat terrain,Y Shape,Asphalt roads,Dry,Daylight,Normal,Vehicle with vehicle collision,2,1.0,Reversing,Driver or rider,Male,18-30,3,Driving carelessly,Slight Injury,9,Morning,0,Medium,Low
Tuesday,Unknown,Female,Junior high school,Employee,1-2yr,Public (12 seats),Owner,Unknown,No defect,Other,Two-way (divided with broken lines road marking),Tangent road with flat terrain,Y Shape,Asphalt roads,Dry,Daylight,Normal,Vehicle with vehicle collision,2,1.0,Other,na,na,na,na,Changing lane to the left,Serious Injury,9,Morning,0,Medium,Low
Tuesday,Unknown,Female,Illiterate,Owner,1-2yr,Automobile,Governmental,Unknown,No defect,Other,Undivided Two way,Tangent road with flat terrain,Y Shape,Asphalt roads,Dry,Darkness - lights lit,Normal,Vehicle with vehicle collision,2,1.0,Going straight,Driver or rider,Male,31-50,3,No priority to vehicle,Slight Injury,20,Evening,0,Medium,Low
Tuesday,Unknown,Male,Junior high school,Owner,Below 1yr,Automobile,Owner,Unknown,No defect,Office areas,Two-way (divided with broken lines road marking),Tangent road with flat terrain,Y Shape,Asphalt roads,Dry,Darkness - lights lit,Normal,Collision with roadside objects,2,1.0,Going straight,na,na,na,na,No priority to vehicle,Slight Injury,20,Evening,0,Medium,Low
Tuesday,31-50,Male,Junior high school,Owner,1-2yr,Automobile,Owner,Unknown,No defect,Office areas,Two-way (divided with broken lines road marking),Tangent road with flat terrain,Crossing,Asphalt roads,Dry,Daylight,Normal,Vehicle with vehicle collision,2,1.0,Going straight,Driver or rider,Male,31-50,3,No distancing,Slight Injury,18,Evening,0,Medium,Low
Tuesday,Over 51,Male,Junior high school,Owner,2-5yr,Lorry (41?100Q),Owner,Unknown,No defect, Church areas,Undivided Two way,Tangent road with flat terrain,Crossing,Asphalt roads,Dry,Daylight,Normal,Vehicle with vehicle collision,2,1.0,Going straight,na,na,na,na,Driving to the left,Slight Injury,14,Afternoon,0,Medium,Low
Tuesday,31-50,Male,Unknown,Owner,5-10yr,Automobile,Governmental,Unknown,No defect,Other,One way,Tangent road with flat terrain,No junction,Asphalt roads,Dry,Daylight,Normal,Vehicle with vehicle collision,2,1.0,Going straight,na,na,na,na,Driving carelessly,Slight Injury,13,Afternoon,0,Medium,Low
Tuesday,Unknown,Male,Unknown,Owner,Above 10yr,Automobile,Owner,Unknown,No defect,Office areas,Undivided Two way,Tangent road with flat terrain,No junction,Asphalt roads,Dry,Daylight,Normal,Vehicle with vehicle collision,2,1.0,Going straight,Driver or rider,Male,31-50,3,Driving carelessly,Slight Injury,13,Afternoon,0,Medium,Low
Tuesday,Unknown,Female,Junior high school,Owner,2-5yr,Public (12 seats),Owner,1-2yr,Unkown,Office areas,Two-way (divided with broken lines road marking),Tangent road with flat terrain,Y Shape,Asphalt roads,Dry,Daylight,Normal,Vehicle with vehicle collision,2,1.0,Going straight,na,na,na,na,Changing lane to the right,Slight Injury,16,Afternoon,0,Medium,Low
Tuesday,31-50,Male,Elementary school,Owner,Above 10yr,Taxi,Owner,Below 1yr,Unkown,Residential areas,Two-way (divided with broken lines road marking),Tangent road with flat terrain,Y Shape,Asphalt roads,Dry,Daylight,Normal,Vehicle with vehicle collision,2,1.0,Going straight,Driver or rider,Male,5,3,Driving carelessly,Slight Injury,16,Afternoon,0,Medium,Low
Tuesday,Unknown,Male,Writing & reading,Owner,5-10yr,Automobile,Owner,Unknown,Unkown,Other,Undivided Two way,Tangent road with flat terrain,Y Shape,Earth roads,Dry,Daylight,Normal,Vehicle with vehicle collision,2,1.0,Going straight,Driver or rider,Female,18-30,3,Changing lane to the left,Slight Injury,14,Afternoon,0,Medium,Low
Tuesday,Over 51,Male,Junior high school,Owner,5-10yr,Public (12 seats),Owner,5-10yrs,Unkown,Residential areas,Two-way (divided with broken lines road marking),Tangent road with flat terrain,Y Shape,Asphalt roads,Dry,Darkness - lights lit,Normal,Vehicle with vehicle collision,2,1.0,Moving Backward,na,na,na,na,Driving carelessly,Serious Injury,19,Evening,0,Medium,Low
Wednesday,31-50,Male,Junior high school,Owner,5-10yr,Stationwagen,Governmental,Unknown,Unkown,Office areas,Two-way (divided with broken lines road marking),Tangent road with flat terrain,No junction,Asphalt roads,Dry,Daylight,Normal,Vehicle with vehicle collision,2,1.0,Moving Backward,Pedestrian,Male,18-30,3,Driving carelessly,Slight Injury,13,Afternoon,0,Medium,Low
Wednesday,31-50,Male,Junior high school,Owner,Below 1yr,Stationwagen,Owner,5-10yrs,Unkown,Office areas,Undivided Two way,Tangent road with flat terrain,Crossing,Asphalt roads,Dry,Daylight,Normal,Vehicle with vehicle collision,2,2.0,Turnover,Pedestrian,Female,Under 18,3,Driving under the influence of drugs,Serious Injury,8,Morning,0,Medium,Low
Wednesday,31-50,Male,Junior high school,Owner,2-5yr,Automobile,Owner,Above 10yr,Unkown,Other,Undivided Two way,Tangent road with flat terrain,Crossing,Asphalt roads,Dry,Daylight,Normal,Vehicle with vehicle collision,2,2.0,Other,Driver or rider,Male,18-30,3,Driving carelessly,Serious Injury,8,Morning,0,Medium,Low
Wednesday,18-30,Male,Elementary school,Employee,2-5yr,Lorry (41?100Q),Owner,1-2yr,No defect,Other,other,Steep grade downward with mountainous terrain,Crossing,Asphalt roads,Dry,Daylight,Normal,Vehicle with vehicle collision,2,2.0,Other,na,na,na,na,No distancing,Slight Injury,13,Afternoon,0,Medium,Low
Wednesday,18-30,Male,Junior high school,Employee,2-5yr,Automobile,Owner,2-5yrs,Unkown,Office areas,One way,Steep grade downward with mountainous terrain,Crossing,Asphalt roads,Dry,Daylight,Normal,Vehicle with vehicle collision,2,2.0,Going straight,Driver or rider,Male,18-30,3,Driving carelessly,Slight Injury,13,Afternoon,0,Medium,Low
Wednesday,31-50,Male,Junior high school,Employee,2-5yr,Public (12 seats),Owner,Unknown,No defect,Residential areas,Two-way (divided with broken lines road marking),Tangent road with flat terrain,Crossing,Asphalt roads,Dry,Darkness - lights lit,Normal,Vehicle with vehicle collision,2,1.0,Going straight,na,na,na,na,Driving to the left,Slight Injury,22,Night,0,Medium,Low
Wednesday,31-50,Male,Junior high school,Employee,5-10yr,Automobile,Owner,Unknown,No defect,Other,Two-way (divided with broken lines road marking),Tangent road with flat terrain,Crossing,Asphalt roads,Dry,Darkness - lights lit,Normal,Vehicle with vehicle collision,2,2.0,Other,na,na,na,na,Overtaking,Slight Injury,22,Night,0,Medium,Low
Wednesday,31-50,Male,Junior high school,Employee,5-10yr,Automobile,Organization,2-5yrs,Unkown,Residential areas,Undivided Two way,Tangent road with flat terrain,Crossing,Asphalt roads,Dry,Darkness - lights lit,Normal,Collision with roadside objects,2,2.0,Other,Driver or rider,Female,Over 51,3,No distancing,Slight Injury,22,Night,0,Medium,Low
Wednesday,Unknown,Male,Junior high school,Employee,Above 10yr,Lorry (41?100Q),Owner,Unknown,No defect, Church areas,Two-way (divided with broken lines road marking),Tangent road with flat terrain,Crossing,Asphalt roads,Dry,Darkness - lights lit,Normal,Vehicle with vehicle collision,2,2.0,Going straight,na,na,na,na,Driving carelessly,Slight Injury,22,Night,0,Medium,Low
Monday,31-50,Male,Elementary school,Employee,5-10yr,Automobile,Governmental,Unknown,No defect,Residential areas,Two-way (divided with broken lines road marking),Tangent road with flat terrain,Unknown,Asphalt roads,Dry,Darkness - lights lit,Normal,Vehicle with vehicle collision,2,1.0,Reversing,Driver or rider,Male,Under 18,3,No priority to vehicle,Slight Injury,17,Evening,0,Medium,Low
Saturday,31-50,Male,Junior high school,Employee,5-10yr,Motorcycle,Owner,Unknown,No defect,Office areas,One way,Tangent road with flat terrain,No junction,Gravel roads,Wet or damp,Daylight,Raining,Vehicle with vehicle collision,2,2.0,Other,Pedestrian,Female,Under 18,3,No priority to vehicle,Slight Injury,10,Morning,1,Medium,Low
Sunday,18-30,Male,Junior high school,Employee,Above 10yr,Automobile,Governmental,Below 1yr,No defect,Residential areas,Two-way (divided with broken lines road marking),Tangent road with flat terrain,No junction,Asphalt roads,Dry,Daylight,Normal,Vehicle with vehicle collision,2,1.0,Turnover,Pedestrian,Female,5,3,No priority to vehicle,Serious Injury,19,Evening,0,Medium,Low
Friday,Unknown,Male,Elementary school,Owner,5-10yr,Automobile,Owner,Unknown,No defect,Other,One way,Tangent road with flat terrain,Other,Asphalt roads,Dry,Daylight,Normal,Collision with pedestrians,2,1.0,Going straight,Passenger,Male,Under 18,3,No priority to vehicle,Slight Injury,16,Afternoon,0,Medium,Low
Friday,18-30,Male,Junior high school,Owner,5-10yr,Automobile,Owner,Unknown,Unkown, Industrial areas,Two-way (divided with broken lines road marking),Tangent road with flat terrain,Other,Asphalt roads,Dry,Daylight,Normal,Vehicle with vehicle collision,2,1.0,Going straight,Passenger,Female,Under 18,3,No distancing,Slight Injury,16,Afternoon,0,Medium,Low
Sunday,31-50,Male,Junior high school,Employee,5-10yr,Automobile,Owner,Unknown,Unkown, Church areas,Two-way (divided with broken lines road marking),Tangent road with flat terrain,Y Shape,Asphalt roads,Dry,Daylight,Normal,Vehicle with vehicle collision,2,1.0,Going straight,Passenger,Male,Under 18,3,Moving Backward,Slight Injury,16,Afternoon,0,Medium,Low
Sunday,31-50,Male,Junior high school,Employee,Below 1yr,Public (> 45 seats),Owner,2-5yrs,No defect,Residential areas,Undivided Two way,Steep grade downward with mountainous terrain,Y Shape,Asphalt roads,Dry,Daylight,Normal,Vehicle with vehicle collision,2,1.0,Going straight,Driver or rider,Male,18-30,3,No distancing,Slight Injury,16,Afternoon,0,Medium,Low
Thursday,Over 51,Male,Junior high school,Employee,5-10yr,Automobile,Company,Unknown,Unkown,Other,Two-way (divided with broken lines road marking),Tangent road with flat terrain,No junction,Asphalt roads,Dry,Daylight,Normal,Vehicle with vehicle collision,2,1.0,Going straight,Pedestrian,Male,Over 51,3,Changing lane to the left,Slight Injury,16,Afternoon,0,Medium,Low
Wednesday,Under 18,Male,Junior high school,Employee,5-10yr,Automobile,Company,Unknown,Unkown,Other,Two-way (divided with broken lines road marking),Tangent road with flat terrain,Y Shape,Asphalt roads,Dry,Daylight,Normal,Vehicle with vehicle collision,2,1.0,Going straight,na,na,na,na,Changing lane to the left,Slight Injury,18,Evening,0,Medium,Low
Wednesday,31-50,Male,Junior high school,Employee,5-10yr,Automobile,Owner,1-2yr,No defect,Office areas,Undivided Two way,Tangent road with flat terrain,Y Shape,Asphalt roads,Dry,Daylight,Normal,Vehicle with vehicle collision,2,1.0,Going straight,Driver or rider,Male,18-30,3,No priority to pedestrian,Slight Injury,18,Evening,0,Medium,Low
Friday,18-30,Male,Junior high school,Employee,Above 10yr,Other,Owner,Above 10yr,No defect, Outside rural areas,Two-way (divided with broken lines road marking),Tangent road with mountainous terrain and,Y Shape,Asphalt roads,Dry,Daylight,Normal,Vehicle with vehicle collision,2,1.0,Going straight,na,na,na,na,Moving Backward,Slight Injury,8,Morning,0,Medium,Low
Friday,Over 51,Male,High school,Employee,Above 10yr,Stationwagen,Owner,Above 10yr,No defect, Church areas,Two-way (divided with broken lines road marking),Steep grade downward with mountainous terrain,Y Shape,Asphalt roads,Dry,Daylight,Normal,Vehicle with vehicle collision,2,1.0,Going straight,Driver or rider,Male,31-50,3,Changing lane to the left,Slight Injury,8,Morning,0,Medium,Low
Monday,Over 51,Male,Junior high school,Employee,Above 10yr,Lorry (41?100Q),Owner,Unknown,No defect,Office areas,other,Tangent road with mountainous terrain and,Crossing,Asphalt roads,Dry,Daylight,Normal,Collision with pedestrians,2,1.0,Other,na,na,na,na,No distancing,Serious Injury,9,Morning,0,Medium,Low
Friday,31-50,Male,Junior high school,Employee,Above 10yr,Taxi,Owner,Above 10yr,Unkown, Church areas,Two-way (divided with broken lines road marking),Steep grade downward with mountainous terrain,Y Shape,Asphalt roads,Dry,Daylight,Normal,Vehicle with vehicle collision,2,1.0,Going straight,Driver or rider,Male,5,3,No priority to vehicle,Slight Injury,16,Afternoon,0,Medium,Low
Thursday,18-30,Male,Junior high school,Employee,Above 10yr,Other,Company,Unknown,Unkown,Office areas,other,Tangent road with mountainous terrain and,No junction,Asphalt roads,Dry,Darkness - no lighting,Unknown,Vehicle with vehicle collision,2,1.0,Going straight,Driver or rider,Male,31-50,3,Changing lane to the right,Slight Injury,21,Night,0,Medium,Low
Thursday,Unknown,Male,Junior high school,Employee,Above 10yr,Public (12 seats),Governmental,Unknown,No defect,Office areas,Undivided Two way,Tangent road with flat terrain,No junction,Asphalt roads,Dry,Darkness - no lighting,Unknown,Vehicle with vehicle collision,2,1.0,Moving Backward,na,na,na,na,No distancing,Slight Injury,21,Night,0,Medium,Low
Friday,Unknown,Female,Junior high school,Employee,5-10yr,Automobile,Owner,1-2yr,No defect,School areas,Two-way (divided with broken lines road marking),Tangent road with flat terrain,No junction,Asphalt roads,Dry,Daylight,Normal,Vehicle with vehicle collision,2,1.0,Going straight,Driver or rider,Male,31-50,3,No distancing,Slight Injury,18,Evening,0,Medium,Low
Monday,Under 18,Male,Junior high school,Employee,2-5yr,Automobile,Owner,Below 1yr,No defect,Residential areas,Two-way (divided with broken lines road marking),Tangent road with flat terrain,Y Shape,Asphalt roads,Wet or damp,Daylight,Raining,Collision with roadside objects,2,1.0,Moving Backward,na,na,na,na,Getting off the vehicle improperly,Slight Injury,20,Evening,1,Medium,Low
Monday,31-50,Male,Junior high school,Employee,Below 1yr,Public (13?45 seats),Owner,Unknown,No defect,Office areas,other,Tangent road with mountainous terrain and,Y Shape,Asphalt roads,Wet or damp,Daylight,Raining,Vehicle with vehicle collision,2,1.0,Other,Pedestrian,Female,Over 51,2,No priority to pedestrian,Slight Injury,20,Evening,1,Medium,Low
Saturday,18-30,Male,Junior high school,Employee,Below 1yr,Lorry (41?100Q),Owner,Unknown,No defect,Rural village areasOffice areas,other,Tangent road with flat terrain,No junction,Other,Dry,Darkness - lights lit,Normal,Vehicle with vehicle collision,2,1.0,Going straight,Pedestrian,Female,18-30,3,Changing lane to the left,Slight Injury,4,Night,0,Medium,Low
Saturday,Unknown,Male,Junior high school,Employee,2-5yr,Lorry (41?100Q),Owner,Unknown,No defect,Other,Two-way (divided with broken lines road marking),Tangent road with flat terrain,No junction,Asphalt roads,Dry,Darkness - lights lit,Normal,Vehicle with vehicle collision,2,1.0,Reversing,na,na,na,na,No distancing,Slight Injury,4,Night,0,Medium,Low
Thursday,18-30,Male,Elementary school,Employee,Below 1yr,Lorry (11?40Q),Owner,Unknown,No defect,Residential areas,Undivided Two way,Tangent road with flat terrain,No junction,Asphalt roads,Dry,Daylight,Normal,Vehicle with vehicle collision,2,1.0,Going straight,Driver or rider,Male,18-30,3,Driving carelessly,Slight Injury,8,Morning,0,Medium,Low
Thursday,Unknown,Female,Junior high school,Employee,Below 1yr,Motorcycle,Owner,Unknown,No defect,Office areas,Undivided Two way,Tangent road with flat terrain,T Shape,Asphalt roads,Dry,Daylight,Normal,Vehicle with vehicle collision,2,1.0,Other,Driver or rider,Female,31-50,3,No distancing,Slight Injury,9,Morning,0,Medium,Low