Day_of_week,Age_band_of_driver,Sex_of_driver,Educational_level,Vehicle_driver_relation,Driving_experience,Type_of_vehicle,Owner_of_vehicle,Service_year_of_vehicle,Defect_of_vehicle,Area_accident_occured,Lanes_or_Medians,Road_allignment,Types_of_Junction,Road_surface_type,Road_surface_conditions,Light_conditions,Weather_conditions,Type_of_collision,Number_of_vehicles_involved,Number_of_casualties,Vehicle_movement,Casualty_class,Sex_of_casualty,Age_band_of_casualty,Casualty_severity,Cause_of_accident,Accident_severity,Accident_Hour,Time_Period,High_Risk_Weather,Vehicles_Category,Casualties_Category
Tuesday,18-30,Male,Above high school,Owner,5-10yr,Lorry (41?100Q),Owner,Unknown,No defect,Office areas,Two-way (divided with broken lines road marking),Tangent road with mild grade and flat terrain,Other,Asphalt roads,Dry,Daylight,Normal,Vehicle with vehicle collision,2,2.0,Other,Pedestrian,Male,18-30,3,Moving Backward,Serious Injury,19,Evening,0,Medium,Low
Friday,31-50,Male,Junior high school,Employee,2-5yr,Lorry (11?40Q),Owner,5-10yrs,No defect,Office areas,Two-way (divided with broken lines road marking),Tangent road with mild grade and flat terrain,Y Shape,Asphalt roads,Dry,Darkness - lights lit,Normal,Vehicle with vehicle collision,2,1.0,Going straight,na,na,na,na,No priority to pedestrian,Slight Injury,21,Night,0,Medium,Low
Friday,18-30,Male,Junior high school,Employee,2-5yr,Lorry (41?100Q),Owner,2-5yrs,Unkown,Residential areas,Two-way (divided with broken lines road marking),Tangent road with flat terrain,Y Shape,Asphalt roads,Dry,Darkness - lights lit,Normal,Vehicle with vehicle collision,2,1.0,Going straight,Driver or rider,Male,31-50,3,Changing lane to the left,Slight Injury,21,Night,0,Medium,Low
Sunday,18-30,Male,Junior high school,Employee,2-5yr,Public (12 seats),Owner,5-10yrs,Unkown, Church areas,other,Tangent road with flat terrain,No junction,Asphalt roads,Wet or damp,Daylight,Raining,Vehicle with vehicle collision,2,1.0,Going straight,Driver or rider,Male,18-30,3,No distancing,Slight Injury,6,Morning,1,Medium,Low
Saturday,18-30,Male,Junior high school,Employee,5-10yr,Automobile,Owner,Unknown,Unkown,Other,Two-way (divided with broken lines road marking),Tangent road with flat terrain,Crossing,Asphalt roads,Dry,Daylight,Normal,Vehicle with vehicle collision,2,2.0,Going straight,Passenger,Female,18-30,3,Other,Slight Injury,12,Afternoon,0,Medium,Low
Saturday,18-30,Male,Junior high school,Employee,1-2yr,Taxi,Owner,Unknown,Unkown,Office areas,Two-way (divided with broken lines road marking),Tangent road with flat terrain,Crossing,Asphalt roads,Dry,Daylight,Normal,Vehicle with vehicle collision,2,2.0,Going straight,na,na,na,na,No distancing,Slight Injury,12,Afternoon,0,Medium,Low
Tuesday,31-50,Male,Junior high school,Owner,2-5yr,Automobile,Owner,Unknown,Unkown,Other,Two-way (divided with broken lines road marking),Tangent road with flat terrain,Y Shape,Asphalt roads,Dry,Daylight,Normal,Vehicle with vehicle collision,2,1.0,Going straight,Pedestrian,Male,Over 51,3,No priority to pedestrian,Slight Injury,16,Afternoon,0,Medium,Low
Tuesday,Unknown,Female,High school,Owner,2-5yr,Automobile,Owner,Unknown,Unkown,Other,Two-way (divided with broken lines road marking),Tangent road with flat terrain,No junction,Asphalt roads,Dry,Daylight,Normal,Vehicle with vehicle collision,2,1.0,Going straight,Driver or rider,Male,31-50,3,Moving Backward,Slight Injury,12,Afternoon,0,Medium,Low
Tuesday,Over 51,Male,Junior high school,Employee,5-10yr,Automobile,Owner,Unknown,Unkown,Other,Two-way (divided with broken lines road marking),Tangent road with flat terrain,No junction,Asphalt roads,Dry,Daylight,Normal,Vehicle with vehicle collision,2,1.0,Going straight,na,na,na,na,No priority to pedestrian,Slight Injury,12,Afternoon,0,Medium,Low
Monday,Unknown,Male,Junior high school,Owner,1-2yr,Lorry (41?100Q),Governmental,2-5yrs,Unkown,Residential areas,Two-way (divided with broken lines road marking),Tangent road with flat terrain,Y Shape,Asphalt roads,Dry,Daylight,Unknown,Vehicle with vehicle collision,2,1.0,Other,Driver or rider,Male,31-50,3,No distancing,Slight Injury,12,Afternoon,0,Medium,Low
Monday,Unknown,Male,Junior high school,Employee,Below 1yr,Automobile,Owner,Below 1yr,Unkown, Church areas,Undivided Two way,Tangent road with flat terrain,Y Shape,Asphalt roads,Dry,Daylight,Unknown,Vehicle with vehicle collision,2,1.0,Going straight,na,na,na,na,No priority to pedestrian,Slight Injury,12,Afternoon,0,Medium,Low
Sunday,Unknown,Male,High school,Employee,1-2yr,Automobile,Company,Unknown,Unkown,Other,Undivided Two way,Tangent road with flat terrain,No junction,Asphalt roads,Wet or damp,Daylight,Raining,Vehicle with vehicle collision,2,1.0,Overtaking,Driver or rider,Male,Under 18,3,Driving carelessly,Slight Injury,6,Morning,1,Medium,Low
Sunday,31-50,Male,Above high school,Employee,1-2yr,Lorry (41?100Q),Owner,Unknown,Unkown,Other,One way,Tangent road with flat terrain,No junction,Asphalt roads,Wet or damp,Daylight,Raining,Vehicle with vehicle collision,2,1.0,Going straight,na,na,na,na,Getting off the vehicle improperly,Slight Injury,6,Morning,1,Medium,Low
Tuesday,31-50,Male,Junior high school,Employee,Above 10yr,Automobile,Owner,Unknown,No defect,Residential areas,Two-way (divided with broken lines road marking),Tangent road with flat terrain,Crossing,Asphalt roads,Dry,Darkness - lights lit,Normal,Vehicle with vehicle collision,2,1.0,Going straight,Pedestrian,Male,18-30,2,Driving carelessly,Slight Injury,21,Night,0,Medium,Low
Tuesday,18-30,Male,High school,Employee,1-2yr,Automobile,Owner,Unknown,Unkown,Office areas,One way,Tangent road with flat terrain,Crossing,Asphalt roads,Dry,Darkness - lights lit,Normal,Vehicle with vehicle collision,2,1.0,Going straight,Pedestrian,Female,Under 18,3,Changing lane to the left,Slight Injury,21,Night,0,Medium,Low
Wednesday,Over 51,Male,Junior high school,Employee,2-5yr,Automobile,Owner,Unknown,No defect, Industrial areas,Two-way (divided with broken lines road marking),Tangent road with flat terrain,No junction,Asphalt roads,Dry,Daylight,Normal,Vehicle with vehicle collision,2,1.0,U-Turn,Pedestrian,Female,18-30,3,No priority to vehicle,Slight Injury,16,Afternoon,0,Medium,Low
Wednesday,Over 51,Male,Above high school,Other,2-5yr,Taxi,Governmental,Unknown,No defect,Residential areas,Double carriageway (median),Tangent road with flat terrain,No junction,Asphalt roads,Dry,Daylight,Normal,Vehicle with vehicle collision,2,1.0,Going straight,na,na,na,na,Changing lane to the right,Slight Injury,16,Afternoon,0,Medium,Low
Saturday,18-30,Male,High school,Employee,Above 10yr,Automobile,Owner,Unknown,No defect,Office areas,Unknown,Tangent road with flat terrain,Y Shape,Asphalt roads,Dry,Daylight,Normal,Vehicle with vehicle collision,2,1.0,Going straight,Driver or rider,Male,31-50,3,Changing lane to the right,Serious Injury,14,Afternoon,0,Medium,Low
Wednesday,Unknown,Female,Elementary school,Employee,5-10yr,Automobile,Owner,2-5yrs,Unkown,Other,Two-way (divided with broken lines road marking),Tangent road with flat terrain,Y Shape,Asphalt roads,Wet or damp,Daylight,Other,Collision with roadside objects,2,1.0,Going straight,na,na,na,na,No distancing,Slight Injury,5,Morning,0,Medium,Low
Wednesday,18-30,Male,High school,Employee,1-2yr,Automobile,Owner,Unknown,Unkown, Church areas,other,Tangent road with flat terrain,Y Shape,Asphalt roads,Wet or damp,Daylight,Other,Collision with roadside objects,2,1.0,Going straight,Driver or rider,Female,18-30,3,No distancing,Slight Injury,5,Morning,0,Medium,Low
Monday,Under 18,Male,High school,Employee,5-10yr,Pick up upto 10Q,Owner,Above 10yr,Unkown, Industrial areas,Two-way (divided with broken lines road marking),Tangent road with flat terrain,Other,Asphalt roads,Dry,Daylight,Normal,Vehicle with vehicle collision,2,1.0,Turnover,Pedestrian,Male,18-30,3,Changing lane to the left,Slight Injury,14,Afternoon,0,Medium,Low
Monday,Over 51,Male,High school,Employee,2-5yr,Automobile,Owner,Unknown,No defect,  Recreational areas,One way,Tangent road with flat terrain,Other,Asphalt roads,Dry,Daylight,Normal,Vehicle with vehicle collision,2,1.0,Going straight,na,na,na,na,Changing lane to the right,Slight Injury,14,Afternoon,0,Medium,Low
Sunday,31-50,Male,Junior high school,Employee,1-2yr,Automobile,Owner,Unknown,No defect,  Market areas,Undivided Two way,Tangent road with flat terrain,O Shape,Asphalt roads,Dry,Daylight,Normal,Vehicle with vehicle collision,2,1.0,Going straight,Driver or rider,Male,31-50,3,No priority to vehicle,Slight Injury,20,Evening,0,Medium,Low
Sunday,18-30,Male,Above high school,Employee,Above 10yr,Public (12 seats),Owner,Unknown,No defect,Other,Two-way (divided with broken lines road marking),Tangent road with flat terrain,O Shape,Asphalt roads,Dry,Daylight,Normal,Vehicle with vehicle collision,2,1.0,Moving Backward,Driver or rider,Female,18-30,3,Changing lane to the left,Slight Injury,20,Evening,0,Medium,Low
Friday,Under 18,Male,Above high school,Employee,2-5yr,Public (13?45 seats),Owner,Unknown,Unkown,Other,Two-way (divided with broken lines road marking),Tangent road with flat terrain,No junction,Asphalt roads,Wet or damp,Darkness - lights lit,Raining,Collision with roadside objects,2,2.0,Going straight,na,na,na,na,No priority to vehicle,Slight Injury,22,Night,1,Medium,Low
Friday,Under 18,Male,Elementary school,Employee,5-10yr,Lorry (11?40Q),Owner,Unknown,No defect, Industrial areas,Two-way (divided with broken lines road marking),Tangent road with flat terrain,No junction,Asphalt roads,Wet or damp,Darkness - lights lit,Raining,Vehicle with vehicle collision,2,2.0,Moving Backward,Driver or rider,Male,5,3,Moving Backward,Slight Injury,22,Night,1,Medium,Low
Wednesday,18-30,Male,Elementary school,Employee,1-2yr,Stationwagen,Governmental,2-5yrs,Unkown,Other,Two-way (divided with broken lines road marking),Tangent road with flat terrain,Y Shape,Asphalt roads,Wet or damp,Daylight,Raining,Collision with roadside objects,2,1.0,Going straight,na,na,na,na,Turnover,Slight Injury,13,Afternoon,1,Medium,Low
Wednesday,18-30,Male,Junior high school,Employee,5-10yr,Ridden horse,Governmental,Unknown,Unkown,Office areas,other,Tangent road with flat terrain,Y Shape,Asphalt roads,Wet or damp,Daylight,Raining,Collision with roadside objects,2,1.0,Going straight,na,na,na,na,No distancing,Slight Injury,13,Afternoon,1,Medium,Low
Thursday,Over 51,Male,Junior high school,Employee,5-10yr,Stationwagen,Owner,Unknown,Unkown,Other,other,Tangent road with flat terrain,No junction,Asphalt roads,Dry,Daylight,Normal,Collision with pedestrians,2,1.0,Going straight,Driver or rider,Male,18-30,3,No distancing,Slight Injury,20,Evening,0,Medium,Low
Thursday,31-50,Male,Elementary school,Employee,5-10yr,Automobile,Owner,Unknown,Unkown,Office areas,Two-way (divided with broken lines road marking),Tangent road with flat terrain,No junction,Asphalt roads,Dry,Daylight,Normal,Vehicle with vehicle collision,2,1.0,Going straight,na,na,na,na,No distancing,Slight Injury,20,Evening,0,Medium,Low
Thursday,31-50,Male,Junior high school,Employee,2-5yr,Automobile,Owner,Unknown,Unkown,Office areas,Undivided Two way,Tangent road with flat terrain,No junction,Asphalt roads,Dry,Daylight,Normal,Collision with roadside objects,2,1.0,U-Turn,Driver or rider,Male,31-50,2,Changing lane to the left,Slight Injury,20,Evening,0,Medium,Low
Wednesday,31-50,Male,Junior high school,Employee,5-10yr,Other,Organization,Unknown,Unkown,Other,other,Tangent road with flat terrain,No junction,Asphalt roads,Dry,Daylight,Normal,Vehicle with vehicle collision,2,2.0,Going straight,na,na,na,na,No priority to vehicle,Slight Injury,15,Afternoon,0,Medium,Low
Wednesday,31-50,Male,High school,Employee,2-5yr,Taxi,Governmental,2-5yrs,Unkown,Other,other,Tangent road with flat terrain,No junction,Asphalt roads,Dry,Daylight,Normal,Vehicle with vehicle collision,2,2.0,Going straight,Driver or rider,Male,31-50,3,Driving at high speed,Slight Injury,15,Afternoon,0,Medium,Low
Thursday,31-50,Male,Junior high school,Employee,1-2yr,Automobile,Owner,Unknown,No defect,Other,Undivided Two way,Tangent road with flat terrain,Crossing,Asphalt roads,Dry,Daylight,Normal,Vehicle with vehicle collision,2,2.0,Going straight,Driver or rider,Male,31-50,3,Overtaking,Slight Injury,10,Morning,0,Medium,Low
Thursday,Over 51,Male,Junior high school,Employee,1-2yr,Stationwagen,Owner,Above 10yr,Unkown,Other,other,Tangent road with flat terrain,Crossing,Asphalt roads,Dry,Daylight,Normal,Vehicle with vehicle collision,2,2.0,Going straight,Pedestrian,Female,18-30,2,Other,Slight Injury,10,Morning,0,Medium,Low
Thursday,Over 51,Male,Junior high school,Employee,5-10yr,Automobile,Company,Unknown,Unkown,Residential areas,Undivided Two way,Tangent road with flat terrain,Crossing,Asphalt roads,Dry,Daylight,Normal,Vehicle with vehicle collision,2,2.0,Going straight,na,na,na,na,Changing lane to the left,Slight Injury,10,Morning,0,Medium,Low
Thursday,18-30,Male,Illiterate,Employee,unknown,Public (12 seats),Owner,2-5yrs,No defect, Church areas,Undivided Two way,Tangent road with flat terrain,Y Shape,Asphalt roads,Dry,Daylight,Normal,Vehicle with vehicle collision,2,2.0,Going straight,Driver or rider,Male,18-30,3,No priority to pedestrian,Slight Injury,9,Morning,0,Medium,Low
Thursday,18-30,Male,Junior high school,Employee,5-10yr,Automobile,Owner,2-5yrs,Unkown,Office areas,Double carriageway (median),Tangent road with flat terrain,Y Shape,Asphalt roads,Dry,Daylight,Normal,Collision with roadside objects,2,2.0,Stopping,Pedestrian,Male,18-30,3,Changing lane to the left,Slight Injury,9,Morning,0,Medium,Low
Sunday,18-30,Male,Junior high school,Employee,1-2yr,Automobile,Owner,2-5yrs,Unkown, Church areas,other,Tangent road with flat terrain,No junction,Asphalt roads,Wet or damp,Daylight,Normal,Vehicle with vehicle collision,2,1.0,Turnover,Pedestrian,Male,31-50,3,No distancing,Slight Injury,8,Morning,0,Medium,Low
Monday,31-50,Male,Junior high school,Employee,2-5yr,Lorry (41?100Q),Owner,2-5yrs,Unkown,Other,Two-way (divided with broken lines road marking),Tangent road with flat terrain,No junction,Asphalt roads,Wet or damp,Daylight,Unknown,Collision with roadside objects,2,1.0,Getting off,Pedestrian,Male,18-30,3,Moving Backward,Slight Injury,14,Afternoon,0,Medium,Low
Monday,Under 18,Male,Junior high school,Employee,Above 10yr,Automobile,Owner,Unknown,Unkown,Other,other,Tangent road with flat terrain,No junction,Asphalt roads,Wet or damp,Daylight,Unknown,Vehicle with vehicle collision,2,1.0,Moving Backward,Driver or rider,Male,18-30,3,Changing lane to the left,Slight Injury,14,Afternoon,0,Medium,Low
Saturday,Under 18,Male,Junior high school,Owner,5-10yr,Public (> 45 seats),Owner,1-2yr,Unkown,School areas,other,Steep grade downward with mountainous terrain,Y Shape,Asphalt roads,Dry,Darkness - lights lit,Normal,Vehicle with vehicle collision,2,2.0,Moving Backward,na,na,na,na,Other,Serious Injury,22,Night,0,Medium,Low
Saturday,18-30,Male,High school,Employee,1-2yr,Automobile,Owner,5-10yrs,Unkown,Office areas,Two-way (divided with broken lines road marking),Tangent road with mild grade and flat terrain,Y Shape,Asphalt roads,Dry,Darkness - lights lit,Normal,Vehicle with vehicle collision,2,2.0,Going straight,Driver or rider,Male,18-30,3,No distancing,Serious Injury,22,Night,0,Medium,Low
Monday,18-30,Male,Junior high school,Employee,Above 10yr,Public (12 seats),Owner,Below 1yr,Unkown,Other,other,Steep grade downward with mountainous terrain,Unknown,Asphalt roads,Dry,Daylight,Normal,Collision with roadside objects,2,1.0,Turnover,na,na,na,na,Moving Backward,Slight Injury,15,Afternoon,0,Medium,Low
Wednesday,Unknown,Female,Junior high school,Employee,1-2yr,Public (12 seats),Owner,Unknown,Unkown,Office areas,Undivided Two way,Tangent road with flat terrain,No junction,Asphalt roads,Dry,Daylight,Normal,Collision with roadside objects,2,1.0,Going straight,Passenger,Female,18-30,2,No distancing,Serious Injury,6,Morning,0,Medium,Low
Wednesday,31-50,Male,Junior high school,Employee,2-5yr,Automobile,Owner,Unknown,Unkown,Other,Undivided Two way,Tangent road with flat terrain,No junction,Asphalt roads,Dry,Daylight,Normal,Vehicle with vehicle collision,2,1.0,Going straight,Pedestrian,Male,Under 18,3,Changing lane to the left,Serious Injury,6,Morning,0,Medium,Low
Friday,Over 51,Male,Junior high school,Employee,Above 10yr,Automobile,Owner,2-5yrs,Unkown,Other,Two-way (divided with broken lines road marking),Tangent road with flat terrain,No junction,Asphalt roads,Dry,Daylight,Normal,Vehicle with vehicle collision,2,2.0,U-Turn,na,na,na,na,Changing lane to the left,Slight Injury,14,Afternoon,0,Medium,Low
Friday,Over 51,Male,Junior high school,Employee,2-5yr,Automobile,Owner,Unknown,Unkown,Office areas,Undivided Two way,Tangent road with flat terrain,No junction,Asphalt roads,Dry,Daylight,Normal,Vehicle with vehicle collision,2,2.0,Going straight,Driver or rider,Female,31-50,3,No priority to pedestrian,Slight Injury,14,Afternoon,0,Medium,Low
Friday,Unknown,Male,Elementary school,Employee,5-10yr,Lorry (41?100Q),Owner,Unknown,No defect,Other,Double carriageway (median),Tangent road with flat terrain,No junction,Asphalt roads,Dry,Daylight,Normal,Vehicle with vehicle collision,2,2.0,Going straight,na,na,na,na,Changing lane to the left,Slight Injury,14,Afternoon,0,Medium,Low
Saturday,18-30,Male,Junior high school,Employee,5-10yr,Public (12 seats),Owner,Unknown,Unkown, Church areas,other,Tangent road with flat terrain,No junction,Asphalt roads,Dry,Daylight,Normal,Vehicle with vehicle collision,2,2.0,U-Turn,Driver or rider,Male,18-30,3,Driving carelessly,Slight Injury,16,Afternoon,0,Medium,Low
Saturday,31-50,Male,Elementary school,Employee,1-2yr,Lorry (11?40Q),Owner,Unknown,No defect,Office areas,Two-way (divided with broken lines road marking),Tangent road with flat terrain,No junction,Asphalt roads,Dry,Daylight,Normal,Vehicle with vehicle collision,2,2.0,Stopping,na,na,na,na,Driving carelessly,Slight Injury,16,Afternoon,0,Medium,Low
Monday,Unknown,Female,Elementary school,Employee,5-10yr,Automobile,Owner,Above 10yr,No defect,Office areas,Two-way (divided with broken lines road marking),Tangent road with flat terrain,No junction,Asphalt roads,Dry,Daylight,Normal,Vehicle with vehicle collision,2,1.0,Going straight,Driver or rider,Male,18-30,3,No priority to pedestrian,Slight Injury,9,Morning,0,Medium,Low
Monday,18-30,Male,Elementary school,Employee,5-10yr,Automobile,Owner,2-5yrs,Unkown,Other,Undivided Two way,Tangent road with mountainous terrain and,No junction,Asphalt roads,Dry,Daylight,Normal,Collision with roadside objects,2,1.0,Moving Backward,Driver or rider,Male,18-30,3,Getting off the vehicle improperly,Slight Injury,9,Morning,0,Medium,Low
Sunday,Unknown,Male,Junior high school,Employee,1-2yr,Automobile,Owner,2-5yrs,Unkown,Residential areas,Undivided Two way,Tangent road with flat terrain,No junction,Asphalt roads,Dry,Daylight,Unknown,Collision with roadside objects,2,2.0,Getting off,na,na,na,na,No distancing,Slight Injury,14,Afternoon,0,Medium,Low
Sunday,Unknown,Male,Junior high school,Employee,5-10yr,Bajaj,Owner,Unknown,No defect,Residential areas,Undivided Two way,Tangent road with flat terrain,No junction,Asphalt roads,Dry,Daylight,Unknown,Collision with roadside objects,2,2.0,Going straight,Driver or rider,Male,31-50,3,Changing lane to the left,Slight Injury,14,Afternoon,0,Medium,Low
Sunday,Unknown,Female,Junior high school,Employee,5-10yr,Public (12 seats),Owner,5-10yrs,7,Other,Two-way (divided with broken lines road marking),Tangent road with flat terrain,No junction,Asphalt roads,Dry,Daylight,Unknown,Vehicle with vehicle collision,2,2.0,Going straight,na,na,na,na,No priority to vehicle,Slight Injury,14,Afternoon,0,Medium,Low
Wednesday,Unknown,Male,Junior high school,Employee,2-5yr,Lorry (11?40Q),Owner,Unknown,7,Other,other,Tangent road with flat terrain,Y Shape,Asphalt roads,Wet or damp,Darkness - lights lit,Raining,Vehicle with vehicle collision,2,3.5,Turnover,na,na,na,na,No distancing,Slight Injury,0,Night,1,Medium,Medium
Wednesday,Under 18,Male,Junior high school,Employee,1-2yr,Automobile,Owner,Unknown,No defect,Office areas,Two-way (divided with broken lines road marking),Steep grade downward with mountainous terrain,Y Shape,Asphalt roads,Wet or damp,Darkness - lights lit,Raining,Vehicle with vehicle collision,2,3.5,Moving Backward,Driver or rider,Male,31-50,3,No priority to pedestrian,Slight Injury,0,Night,1,Medium,Medium
Wednesday,Under 18,Male,Junior high school,Employee,5-10yr,Automobile,Governmental,Unknown,No defect,School areas,Double carriageway (median),Tangent road with flat terrain,Y Shape,Asphalt roads,Wet or damp,Darkness - lights lit,Raining,Vehicle with vehicle collision,2,3.5,Going straight,Driver or rider,Male,31-50,3,No priority to pedestrian,Slight Injury,0,Night,1,Medium,Medium
Wednesday,Under 18,Male,Junior high school,Employee,Below 1yr,Automobile,Owner,Unknown,No defect,Other,Two-way (divided with broken lines road marking),Steep grade downward with mountainous terrain,Y Shape,Asphalt roads,Wet or damp,Darkness - lights lit,Raining,Collision with pedestrians,2,3.5,Moving Backward,na,na,na,na,No priority to vehicle,Slight Injury,0,Night,1,Medium,Medium
Wednesday,Under 18,Male,Junior high school,Employee,5-10yr,Lorry (11?40Q),Owner,5-10yrs,No defect,Other,Two-way (divided with broken lines road marking),Tangent road with rolling terrain,Y Shape,Asphalt roads,Wet or damp,Darkness - lights lit,Raining,Collision with pedestrians,2,3.5,Going straight,na,na,na,na,Driving carelessly,Slight Injury,0,Night,1,Medium,Medium
Thursday,18-30,Male,Junior high school,Owner,5-10yr,Lorry (41?100Q),Governmental,Unknown,No defect, Church areas,Two-way (divided with broken lines road marking),Tangent road with flat terrain,Y Shape,Asphalt roads,Dry,Daylight,Normal,Vehicle with vehicle collision,2,1.0,Unknown,Driver or rider,Male,31-50,2,Changing lane to the right,Slight Injury,7,Morning,0,Medium,Low
Thursday,Over 51,Male,Junior high school,Owner,5-10yr,Pick up upto 10Q,Owner,Unknown,Unkown,Office areas,Two-way (divided with broken lines road marking),Tangent road with mild grade and flat terrain,Y Shape,Asphalt roads,Dry,Daylight,Normal,Vehicle with vehicle collision,2,1.0,Going straight,na,na,na,na,Changing lane to the left,Slight Injury,7,Morning,0,Medium,Low
Friday,18-30,Male,Junior high school,Employee,5-10yr,Lorry (11?40Q),Owner,Unknown,Unkown,Other,Two-way (divided with broken lines road marking),Tangent road with mild grade and flat terrain,Y Shape,Earth roads,Dry,Darkness - lights lit,Normal,Vehicle with vehicle collision,2,1.0,Unknown,Driver or rider,Male,18-30,3,Moving Backward,Slight Injury,21,Night,0,Medium,Low
Friday,31-50,Male,High school,Employee,2-5yr,Stationwagen,Governmental,Unknown,No defect,Residential areas,Double carriageway (median),Tangent road with flat terrain,Y Shape,Asphalt roads,Dry,Darkness - lights lit,Normal,Vehicle with vehicle collision,2,1.0,Going straight,na,na,na,na,Driving carelessly,Slight Injury,21,Night,0,Medium,Low
Friday,18-30,Male,Above high school,Employee,5-10yr,Other,Owner,Unknown,Unkown,Office areas,Two-way (divided with broken lines road marking),Tangent road with flat terrain,Y Shape,Asphalt roads,Dry,Darkness - lights lit,Normal,Vehicle with vehicle collision,2,1.0,Unknown,Driver or rider,Female,18-30,3,Driving to the left,Slight Injury,21,Night,0,Medium,Low
Friday,18-30,Male,Junior high school,Employee,Above 10yr,Other,Owner,Unknown,Unkown,Office areas,Undivided Two way,Tangent road with flat terrain,Y Shape,Asphalt roads,Dry,Darkness - lights lit,Normal,Vehicle with vehicle collision,2,1.0,Going straight,na,na,na,na,Driving to the left,Slight Injury,21,Night,0,Medium,Low
Monday,Over 51,Male,Junior high school,Employee,Below 1yr,Lorry (11?40Q),Owner,Below 1yr,Unkown,Office areas,Two-way (divided with broken lines road marking),Tangent road with flat terrain,No junction,Asphalt roads,Dry,Daylight,Normal,Vehicle with vehicle collision,2,1.0,Going straight,Driver or rider,Male,18-30,3,No priority to pedestrian,Slight Injury,12,Afternoon,0,Medium,Low
Monday,18-30,Male,Elementary school,Employee,5-10yr,Automobile,Organization,1-2yr,Unkown, Church areas,Two-way (divided with broken lines road marking),Tangent road with flat terrain,No junction,Asphalt roads,Dry,Daylight,Normal,Vehicle with vehicle collision,2,1.0,Going straight,Driver or rider,Male,18-30,3,Changing lane to the left,Slight Injury,12,Afternoon,0,Medium,Low
Wednesday,31-50,Male,Elementary school,Employee,2-5yr,Automobile,Owner,Unknown,Unkown,Office areas,Two-way (divided with broken lines road marking),Tangent road with flat terrain,No junction,Asphalt roads,Dry,Daylight,Normal,Vehicle with vehicle collision,2,1.0,Going straight,na,na,na,na,Changing lane to the right,Slight Injury,13,Afternoon,0,Medium,Low
Wednesday,18-30,Male,Junior high school,Employee,2-5yr,Lorry (41?100Q),Owner,1-2yr,Unkown,Office areas,Two-way (divided with broken lines road marking),Tangent road with mild grade and flat terrain,No junction,Asphalt roads,Dry,Daylight,Normal,Vehicle with vehicle collision,2,1.0,Going straight,na,na,na,na,Driving carelessly,Slight Injury,13,Afternoon,0,Medium,Low
Friday,Under 18,Male,Junior high school,Employee,1-2yr,Other,Owner,Unknown,Unkown,Office areas,Two-way (divided with broken lines road marking),Tangent road with mild grade and flat terrain,Y Shape,Asphalt roads,Wet or damp,Daylight,Raining,Collision with roadside objects,2,1.0,Other,Driver or rider,Male,31-50,2,No distancing,Slight Injury,16,Afternoon,1,Medium,Low
Friday,Unknown,Male,Junior high school,Employee,2-5yr,Lorry (41?100Q),Owner,5-10yrs,No defect,Office areas,Two-way (divided with broken lines road marking),Tangent road with flat terrain,Y Shape,Asphalt roads,Wet or damp,Daylight,Raining,Rollover,2,1.0,Other,na,na,na,na,Getting off the vehicle improperly,Slight Injury,16,Afternoon,1,Medium,Low
Monday,31-50,Male,Junior high school,Employee,2-5yr,Automobile,Owner,Unknown,No defect,Other,Two-way (divided with broken lines road marking),Tangent road with flat terrain,Crossing,Asphalt roads,Dry,Daylight,Normal,Vehicle with vehicle collision,2,2.0,Going straight,Driver or rider,Male,Over 51,2,Driving under the influence of drugs,Slight Injury,17,Evening,0,Medium,Low
Monday,18-30,Male,Junior high school,Employee,Above 10yr,Pick up upto 10Q,Owner,Unknown,No defect,Residential areas,Double carriageway (median),Tangent road with flat terrain,Crossing,Asphalt roads,Dry,Daylight,Normal,Vehicle with vehicle collision,2,2.0,Going straight,na,na,na,na,Changing lane to the right,Slight Injury,17,Evening,0,Medium,Low
Monday,18-30,Male,High school,Employee,Below 1yr,Lorry (41?100Q),Owner,Unknown,No defect, Church areas,Undivided Two way,Tangent road with flat terrain,Crossing,Asphalt roads,Dry,Daylight,Normal,Vehicle with vehicle collision,2,2.0,Getting off,Driver or rider,Male,18-30,3,Driving carelessly,Slight Injury,17,Evening,0,Medium,Low
Tuesday,Over 51,Male,Junior high school,Employee,2-5yr,Public (13?45 seats),Owner,Unknown,No defect,Other,Two-way (divided with broken lines road marking),Tangent road with flat terrain,Y Shape,Asphalt roads,Dry,Daylight,Normal,Vehicle with vehicle collision,2,2.0,Going straight,na,na,na,na,Moving Backward,Fatal injury,18,Evening,0,Medium,Low
Tuesday,31-50,Male,High school,Employee,Above 10yr,Long lorry,Owner,Unknown,No defect,  Recreational areas,Two-way (divided with broken lines road marking),Tangent road with flat terrain,Y Shape,Asphalt roads,Dry,Daylight,Normal,Vehicle with vehicle collision,2,2.0,Going straight,Pedestrian,Male,18-30,3,Turnover,Fatal injury,18,Evening,0,Medium,Low
Thursday,Unknown,Female,Junior high school,Employee,Above 10yr,Automobile,Company,Unknown,Unkown,Other,Two-way (divided with broken lines road marking),Tangent road with flat terrain,Y Shape,Asphalt roads,Dry,Daylight,Normal,Collision with roadside objects,2,1.0,Going straight,Pedestrian,Male,31-50,3,Changing lane to the right,Serious Injury,15,Afternoon,0,Medium,Low
Thursday,Over 51,Male,High school,Employee,5-10yr,Automobile,Owner,Unknown,No defect, Industrial areas,Undivided Two way,Tangent road with mild grade and flat terrain,Y Shape,Asphalt roads,Dry,Daylight,Normal,Collision with roadside objects,2,1.0,Going straight,Driver or rider,Male,31-50,3,Driving carelessly,Slight Injury,9,Morning,0,Medium,Low