Day_of_week,Age_band_of_driver,Sex_of_driver,Educational_level,Vehicle_driver_relation,Driving_experience,Type_of_vehicle,Owner_of_vehicle,Service_year_of_vehicle,Defect_of_vehicle,Area_accident_occured,Lanes_or_Medians,Road_allignment,Types_of_Junction,Road_surface_type,Road_surface_conditions,Light_conditions,Weather_conditions,Type_of_collision,Number_of_vehicles_involved,Number_of_casualties,Vehicle_movement,Casualty_class,Sex_of_casualty,Age_band_of_casualty,Casualty_severity,Cause_of_accident,Accident_severity,Accident_Hour,Time_Period,High_Risk_Weather,Vehicles_Category,Casualties_Category
Friday,18-30,Male,Junior high school,Employee,Below 1yr,Public (> 45 seats),Owner,Unknown,No defect,Other,other,Tangent road with flat terrain,No junction,Earth roads,Dry,Darkness - lights lit,Normal,Vehicle with vehicle collision,2,2.0,Going straight,na,na,na,na,No priority to vehicle,Slight Injury,20,Evening,0,Medium,Low
Sunday,Unknown,Female,Junior high school,Employee,5-10yr,Other,Owner,5-10yrs,No defect,Other,Undivided Two way,Tangent road with flat terrain,No junction,Asphalt roads,Dry,Daylight,Normal,Vehicle with vehicle collision,2,1.0,Turnover,Driver or rider,Female,18-30,3,Changing lane to the left,Slight Injury,16,Afternoon,0,Medium,Low
Sunday,31-50,Male,Junior high school,Owner,5-10yr,Lorry (41?100Q),Owner,Unknown,Unkown,Other,Two-way (divided with solid lines road marking),Tangent road with flat terrain,No junction,Asphalt roads,Dry,Daylight,Normal,Collision with roadside objects,2,1.0,Entering a junction,na,na,na,na,No priority to vehicle,Slight Injury,16,Afternoon,0,Medium,Low
Wednesday,31-50,Male,Elementary school,Employee,1-2yr,Automobile,Owner,Unknown,No defect, Church areas,Two-way (divided with solid lines road marking),Tangent road with flat terrain,Y Shape,Asphalt roads,Dry,Darkness - lights lit,Normal,Vehicle with vehicle collision,2,1.0,Entering a junction,na,na,na,na,No distancing,Slight Injury,19,Evening,0,Medium,Low
Wednesday,Under 18,Male,Junior high school,Employee,5-10yr,Public (> 45 seats),Governmental,Unknown,No defect,Other,Two-way (divided with solid lines road marking),Tangent road with flat terrain,Y Shape,Asphalt roads,Dry,Darkness - lights lit,Normal,Vehicle with vehicle collision,2,1.0,Entering a junction,Driver or rider,Male,31-50,3,Moving Backward,Slight Injury,19,Evening,0,Medium,Low
Wednesday,31-50,Male,Elementary school,Employee,Above 10yr,Automobile,Owner,Unknown,No defect, Church areas,Two-way (divided with solid lines road marking),Tangent road with flat terrain,Y Shape,Asphalt roads,Dry,Darkness - lights lit,Normal,Vehicle with vehicle collision,2,1.0,Entering a junction,Passenger,Female,5,3,Changing lane to the right,Slight Injury,19,Evening,0,Medium,Low
Monday,18-30,Male,Junior high school,Owner,1-2yr,Automobile,Owner,Unknown,No defect, Church areas,Two-way (divided with broken lines road marking),Tangent road with flat terrain,Y Shape,Asphalt roads,Wet or damp,Darkness - lights lit,Normal,Rollover,2,1.0,Other,Driver or rider,Male,18-30,2,No distancing,Slight Injury,18,Evening,0,Medium,Low
Monday,31-50,Male,Junior high school,Employee,5-10yr,Pick up upto 10Q,Owner,Above 10yr,No defect,Other,Undivided Two way,Tangent road with flat terrain,Y Shape,Asphalt roads,Wet or damp,Darkness - lights lit,Normal,Vehicle with vehicle collision,2,1.0,Entering a junction,na,na,na,na,Overtaking,Slight Injury,18,Evening,0,Medium,Low
Sunday,Unknown,Female,Junior high school,Employee,Above 10yr,Public (12 seats),Governmental,5-10yrs,No defect,Other,Undivided Two way,Tangent road with flat terrain,Y Shape,Asphalt roads,Wet or damp,Daylight,Raining,Vehicle with vehicle collision,2,1.0,Turnover,Passenger,Female,Under 18,3,No distancing,Slight Injury,18,Evening,1,Medium,Low
Sunday,Unknown,Female,Elementary school,Owner,2-5yr,Lorry (41?100Q),Owner,5-10yrs,No defect,School areas,other,Tangent road with flat terrain,Y Shape,Asphalt roads,Wet or damp,Daylight,Raining,Collision with pedestrians,2,1.0,Entering a junction,na,na,na,na,Changing lane to the left,Slight Injury,18,Evening,1,Medium,Low
Monday,Unknown,Female,Junior high school,Employee,5-10yr,Lorry (41?100Q),Owner,Above 10yr,No defect,Residential areas,Undivided Two way,Tangent road with flat terrain,Y Shape,Asphalt roads,Wet or damp,Darkness - lights lit,Raining,Vehicle with vehicle collision,2,1.0,Entering a junction,Driver or rider,Male,18-30,3,Driving under the influence of drugs,Slight Injury,22,Night,1,Medium,Low
Monday,31-50,Male,Junior high school,Employee,Below 1yr,Lorry (41?100Q),Company,1-2yr,No defect,Other,Two-way (divided with broken lines road marking),Tangent road with flat terrain,Y Shape,Asphalt roads,Wet or damp,Darkness - lights lit,Raining,Vehicle with vehicle collision,2,1.0,Entering a junction,na,na,na,na,No distancing,Slight Injury,22,Night,1,Medium,Low
Monday,18-30,Male,Junior high school,Employee,5-10yr,Public (13?45 seats),Owner,Above 10yr,No defect,Office areas,Undivided Two way,Tangent road with flat terrain,Y Shape,Gravel roads,Wet or damp,Darkness - lights lit,Raining,Vehicle with vehicle collision,2,1.0,Entering a junction,Pedestrian,Male,31-50,3,No distancing,Slight Injury,22,Night,1,Medium,Low
Tuesday,18-30,Male,High school,Employee,Above 10yr,Lorry (41?100Q),Owner,Above 10yr,No defect,Residential areas,Undivided Two way,Tangent road with flat terrain,Y Shape,Asphalt roads,Dry,Daylight,Normal,Vehicle with vehicle collision,2,1.0,Entering a junction,Passenger,Male,Over 51,3,Changing lane to the right,Slight Injury,8,Morning,0,Medium,Low
Friday,18-30,Male,Junior high school,Employee,5-10yr,Lorry (41?100Q),Owner,Above 10yr,No defect,Other,One way,Steep grade downward with mountainous terrain,Y Shape,Asphalt roads,Dry,Darkness - lights lit,Normal,Collision with roadside objects,2,1.0,Other,Pedestrian,Male,Over 51,3,Changing lane to the left,Serious Injury,22,Night,0,Medium,Low
Saturday,18-30,Male,Elementary school,Employee,1-2yr,Motorcycle,Owner,Above 10yr,No defect,Residential areas,Two-way (divided with broken lines road marking),Tangent road with flat terrain,No junction,Asphalt roads,Dry,Daylight,Normal,Vehicle with vehicle collision,2,1.0,Going straight,Pedestrian,Female,31-50,3,Moving Backward,Serious Injury,16,Afternoon,0,Medium,Low
Friday,Over 51,Male,Junior high school,Employee,5-10yr,Lorry (41?100Q),Owner,5-10yrs,No defect,Residential areas,Undivided Two way,Tangent road with flat terrain,No junction,Asphalt roads,Dry,Daylight,Normal,Vehicle with vehicle collision,2,1.0,Going straight,Driver or rider,Male,Under 18,3,No distancing,Slight Injury,8,Morning,0,Medium,Low
Friday,18-30,Male,Elementary school,Employee,1-2yr,Ridden horse,Owner,Unknown,No defect,Residential areas,Two-way (divided with broken lines road marking),Tangent road with flat terrain,No junction,Asphalt roads,Dry,Darkness - lights lit,Normal,Vehicle with vehicle collision,2,1.0,Other,na,na,na,na,No distancing,Slight Injury,20,Evening,0,Medium,Low
Thursday,Under 18,Male,Junior high school,Owner,1-2yr,Automobile,Owner,1-2yr,No defect,Other,other,Tangent road with flat terrain,Y Shape,Asphalt roads,Wet or damp,Darkness - lights lit,Normal,Vehicle with vehicle collision,2,1.0,Going straight,Pedestrian,Male,18-30,3,Driving carelessly,Fatal injury,19,Evening,0,Medium,Low
Thursday,Unknown,Female,Above high school,Owner,1-2yr,Lorry (41?100Q),Owner,5-10yrs,No defect,Other,Undivided Two way,Tangent road with flat terrain,Y Shape,Asphalt roads,Wet or damp,Darkness - lights lit,Normal,Collision with roadside objects,2,1.0,Going straight,Pedestrian,Male,5,3,Moving Backward,Fatal injury,19,Evening,0,Medium,Low
Thursday,18-30,Male,Junior high school,Owner,5-10yr,Pick up upto 10Q,Owner,5-10yrs,No defect,Other,One way,Tangent road with flat terrain,Y Shape,Asphalt roads,Wet or damp,Darkness - lights lit,Normal,Vehicle with vehicle collision,2,1.0,Going straight,Passenger,Female,18-30,3,No distancing,Fatal injury,19,Evening,0,Medium,Low
Sunday,18-30,Male,Junior high school,Employee,5-10yr,Public (> 45 seats),Owner,1-2yr,No defect, Hospital areas,Undivided Two way,Tangent road with flat terrain,Crossing,Asphalt roads,Wet or damp,Daylight,Raining,Collision with roadside objects,2,1.0,Going straight,na,na,na,na,Changing lane to the right,Slight Injury,13,Afternoon,1,Medium,Low
Sunday,31-50,Male,Elementary school,Employee,5-10yr,Stationwagen,Owner,2-5yrs,No defect,Residential areas,Undivided Two way,Tangent road with flat terrain,Crossing,Asphalt roads,Wet or damp,Daylight,Raining,Vehicle with vehicle collision,2,1.0,Going straight,Pedestrian,Female,Under 18,3,Driving carelessly,Slight Injury,13,Afternoon,1,Medium,Low
Saturday,18-30,Male,High school,Owner,Below 1yr,Automobile,Owner,5-10yrs,No defect,Residential areas,One way,Tangent road with flat terrain,No junction,Asphalt roads,Dry,Darkness - no lighting,Normal,Rollover,2,1.0,Reversing,na,na,na,na,Driving to the left,Slight Injury,19,Evening,0,Medium,Low
Friday,Unknown,Female,Junior high school,Employee,Above 10yr,Public (12 seats),Owner,5-10yrs,No defect,Residential areas,Undivided Two way,Tangent road with flat terrain,Y Shape,Asphalt roads,Dry,Darkness - lights lit,Normal,Vehicle with vehicle collision,2,1.0,Moving Backward,Passenger,Female,5,3,Changing lane to the right,Slight Injury,16,Afternoon,0,Medium,Low
Monday,18-30,Male,Junior high school,Employee,5-10yr,Automobile,Owner,1-2yr,No defect,Other,Two-way (divided with broken lines road marking),Tangent road with flat terrain,Y Shape,Asphalt roads,Dry,Daylight,Unknown,Vehicle with vehicle collision,2,1.0,Overtaking,Pedestrian,Male,31-50,3,Driving carelessly,Serious Injury,15,Afternoon,0,Medium,Low
Monday,31-50,Male,Junior high school,Employee,Below 1yr,Automobile,Owner,1-2yr,No defect,Office areas,Two-way (divided with broken lines road marking),Tangent road with flat terrain,Y Shape,Asphalt roads,Dry,Daylight,Unknown,Vehicle with vehicle collision,2,1.0,Going straight,na,na,na,na,Changing lane to the right,Serious Injury,15,Afternoon,0,Medium,Low
Sunday,18-30,Male,Junior high school,Employee,Above 10yr,Automobile,Owner,2-5yrs,No defect,Other,other,Tangent road with flat terrain,Y Shape,Asphalt roads,Dry,Darkness - lights lit,Normal,Vehicle with vehicle collision,2,1.0,Going straight,Driver or rider,Male,31-50,3,No priority to vehicle,Serious Injury,3,Night,0,Medium,Low
Sunday,18-30,Male,Junior high school,Employee,5-10yr,Lorry (41?100Q),Owner,Unknown,No defect,Office areas,Double carriageway (median),Tangent road with flat terrain,Y Shape,Asphalt roads,Dry,Darkness - lights lit,Normal,Vehicle with vehicle collision,2,1.0,Going straight,Pedestrian,Male,31-50,3,Changing lane to the right,Serious Injury,3,Night,0,Medium,Low
Monday,Unknown,Female,Junior high school,Owner,Above 10yr,Automobile,Owner,Unknown,No defect,Residential areas,Two-way (divided with broken lines road marking),Tangent road with flat terrain,Y Shape,Asphalt roads,Dry,Daylight,Unknown,Collision with pedestrians,2,1.0,Going straight,Pedestrian,Female,Over 51,3,Turnover,Slight Injury,16,Afternoon,0,Medium,Low
Friday,Unknown,Male,Junior high school,Employee,5-10yr,Automobile,Owner,Unknown,No defect,Office areas,Double carriageway (median),Gentle horizontal curve,No junction,Asphalt roads,Dry,Daylight,Unknown,Rollover,2,1.0,Going straight,Driver or rider,Male,18-30,3,No priority to vehicle,Slight Injury,8,Morning,0,Medium,Low
Friday,31-50,Male,Junior high school,Employee,1-2yr,Public (12 seats),Owner,Unknown,No defect,Office areas,Double carriageway (median),Tangent road with flat terrain,No junction,Asphalt roads,Dry,Daylight,Unknown,Vehicle with vehicle collision,2,1.0,Going straight,Driver or rider,Male,18-30,2,Driving at high speed,Slight Injury,8,Morning,0,Medium,Low
Wednesday,31-50,Male,Junior high school,Employee,1-2yr,Taxi,Organization,Unknown,No defect,Other,Double carriageway (median),Tangent road with flat terrain,No junction,Asphalt roads,Dry,Daylight,Normal,Rollover,2,1.0,Going straight,na,na,na,na,No distancing,Slight Injury,12,Afternoon,0,Medium,Low
Wednesday,18-30,Male,Junior high school,Employee,1-2yr,Automobile,Owner,Unknown,No defect,Office areas,Two-way (divided with broken lines road marking),Tangent road with flat terrain,No junction,Asphalt roads,Dry,Daylight,Normal,Vehicle with vehicle collision,2,1.0,Reversing,na,na,na,na,No distancing,Slight Injury,12,Afternoon,0,Medium,Low
Friday,Unknown,Male,High school,Employee,2-5yr,Public (12 seats),Owner,Unknown,No defect,Office areas,Two-way (divided with broken lines road marking),Tangent road with flat terrain,Crossing,Other,Dry,Darkness - lights lit,Normal,Vehicle with vehicle collision,2,2.0,Going straight,Driver or rider,Male,31-50,3,Driving carelessly,Slight Injury,19,Evening,0,Medium,Low
Friday,Under 18,Male,High school,Owner,Above 10yr,Stationwagen,Governmental,Unknown,Unkown,Office areas,One way,Tangent road with flat terrain,Crossing,Asphalt roads,Dry,Darkness - lights lit,Normal,Vehicle with vehicle collision,2,2.0,Going straight,Driver or rider,Male,18-30,3,Driving carelessly,Slight Injury,19,Evening,0,Medium,Low
Friday,Under 18,Male,Elementary school,Employee,2-5yr,Stationwagen,Owner,Unknown,Unkown,Other,Undivided Two way,Tangent road with flat terrain,Crossing,Asphalt roads,Dry,Darkness - lights lit,Normal,Fall from vehicles,2,2.0,Other,na,na,na,na,Moving Backward,Slight Injury,19,Evening,0,Medium,Low
Friday,18-30,Male,Junior high school,Employee,Above 10yr,Automobile,Owner,Unknown,Unkown,Residential areas,Two-way (divided with broken lines road marking),Tangent road with flat terrain,Crossing,Asphalt roads,Dry,Darkness - lights lit,Normal,Vehicle with vehicle collision,2,2.0,Entering a junction,Driver or rider,Male,18-30,3,No distancing,Slight Injury,19,Evening,0,Medium,Low
Friday,Unknown,Female,High school,Employee,2-5yr,Lorry (41?100Q),Owner,2-5yrs,No defect,Residential areas,Two-way (divided with broken lines road marking),Gentle horizontal curve,No junction,Asphalt roads,Dry,Daylight,Normal,Collision with roadside objects,2,1.0,Turnover,Driver or rider,Male,31-50,3,Changing lane to the right,Slight Injury,19,Evening,0,Medium,Low
Friday,Under 18,Male,Junior high school,Other,No Licence,Automobile,Owner,5-10yrs,Unkown, Church areas,Two-way (divided with broken lines road marking),Tangent road with flat terrain,No junction,Asphalt roads,Dry,Daylight,Normal,Vehicle with vehicle collision,2,1.0,Going straight,na,na,na,na,Overtaking,Slight Injury,19,Evening,0,Medium,Low
Thursday,Under 18,Male,Junior high school,Employee,1-2yr,Public (12 seats),Owner,5-10yrs,Unkown,Other,Two-way (divided with broken lines road marking),Tangent road with flat terrain,No junction,Asphalt roads,Dry,Daylight,Normal,Vehicle with vehicle collision,2,1.0,Going straight,Pedestrian,Female,18-30,2,No distancing,Slight Injury,8,Morning,0,Medium,Low
Thursday,18-30,Male,Junior high school,Owner,5-10yr,Automobile,Owner,Unknown,Unkown,Residential areas,Two-way (divided with broken lines road marking),Tangent road with flat terrain,No junction,Asphalt roads,Dry,Daylight,Normal,Vehicle with vehicle collision,2,1.0,Going straight,Driver or rider,Male,31-50,3,Overtaking,Slight Injury,8,Morning,0,Medium,Low
Saturday,Unknown,Female,Junior high school,Employee,1-2yr,Automobile,Owner,2-5yrs,Unkown,Other,Undivided Two way,Tangent road with flat terrain,Y Shape,Asphalt roads,Wet or damp,Darkness - lights lit,Raining,Collision with pedestrians,2,1.0,Going straight,na,na,na,na,Moving Backward,Serious Injury,4,Night,1,Medium,Low
Saturday,18-30,Male,Junior high school,Employee,Above 10yr,Lorry (41?100Q),Owner,2-5yrs,Unkown,Residential areas,Undivided Two way,Tangent road with flat terrain,Y Shape,Asphalt roads,Wet or damp,Darkness - lights lit,Raining,Vehicle with vehicle collision,2,1.0,Going straight,na,na,na,na,No distancing,Serious Injury,4,Night,1,Medium,Low
Friday,18-30,Male,Junior high school,Employee,1-2yr,Automobile,Owner,2-5yrs,Unkown,Residential areas,Two-way (divided with broken lines road marking),Tangent road with flat terrain,Y Shape,Asphalt roads,Wet or damp,Daylight,Normal,Vehicle with vehicle collision,2,1.0,Going straight,Driver or rider,Male,18-30,3,No distancing,Slight Injury,14,Afternoon,0,Medium,Low
Friday,Unknown,Male,Junior high school,Employee,1-2yr,Motorcycle,Owner,5-10yrs,No defect,Other,Two-way (divided with broken lines road marking),Tangent road with flat terrain,Y Shape,Asphalt roads,Wet or damp,Daylight,Normal,Vehicle with vehicle collision,2,1.0,Going straight,Driver or rider,Male,18-30,3,No priority to vehicle,Slight Injury,14,Afternoon,0,Medium,Low
Wednesday,Over 51,Male,Junior high school,Employee,2-5yr,Automobile,Company,Unknown,Unkown,Other,Two-way (divided with broken lines road marking),Tangent road with flat terrain,No junction,Asphalt roads,Dry,Daylight,Normal,Rollover,2,1.0,Going straight,Driver or rider,Male,18-30,3,No priority to vehicle,Slight Injury,7,Morning,0,Medium,Low
Wednesday,31-50,Male,High school,Employee,1-2yr,Automobile,Owner,Unknown,No defect,Other,Undivided Two way,Tangent road with flat terrain,No junction,Asphalt roads,Dry,Daylight,Normal,Collision with roadside objects,2,1.0,Getting off,Pedestrian,Female,31-50,3,Changing lane to the left,Slight Injury,7,Morning,0,Medium,Low
Tuesday,Over 51,Male,Junior high school,Employee,1-2yr,Automobile,Owner,Unknown,No defect,Other,Double carriageway (median),Tangent road with flat terrain,Y Shape,Other,Dry,Daylight,Normal,Vehicle with vehicle collision,2,1.0,Getting off,Driver or rider,Male,18-30,3,No distancing,Slight Injury,8,Morning,0,Medium,Low
Monday,31-50,Male,Elementary school,Employee,Above 10yr,Automobile,Owner,Unknown,Unkown,Residential areas,Two-way (divided with broken lines road marking),Tangent road with flat terrain,Y Shape,Asphalt roads,Dry,Daylight,Normal,Vehicle with vehicle collision,2,3.0,Getting off,na,na,na,na,Driving under the influence of drugs,Slight Injury,11,Morning,0,Medium,Medium
Monday,18-30,Male,Junior high school,Employee,Above 10yr,Public (> 45 seats),Owner,2-5yrs,Unkown,  Recreational areas,Undivided Two way,Tangent road with flat terrain,Y Shape,Asphalt roads,Dry,Daylight,Normal,Collision with roadside objects,2,3.0,Moving Backward,Driver or rider,Male,18-30,3,Changing lane to the left,Slight Injury,11,Morning,0,Medium,Medium
Monday,18-30,Male,Elementary school,Employee,Above 10yr,Automobile,Owner,Unknown,Unkown,Other,other,Tangent road with flat terrain,Y Shape,Asphalt roads,Dry,Daylight,Normal,Vehicle with vehicle collision,2,3.0,Going straight,Pedestrian,Male,Over 51,3,Changing lane to the right,Slight Injury,11,Morning,0,Medium,Medium
Monday,18-30,Male,Junior high school,Employee,Above 10yr,Automobile,Owner,Unknown,Unkown,Office areas,Undivided Two way,Tangent road with flat terrain,Y Shape,Asphalt roads,Dry,Daylight,Normal,Vehicle with vehicle collision,2,3.0,Going straight,na,na,na,na,Driving to the left,Slight Injury,11,Morning,0,Medium,Medium
Monday,31-50,Male,Junior high school,Employee,1-2yr,Automobile,Company,Unknown,Unkown,Other,Undivided Two way,Tangent road with flat terrain,Y Shape,Asphalt roads,Dry,Daylight,Normal,Vehicle with vehicle collision,2,3.0,Waiting to go,Driver or rider,Male,31-50,3,Driving at high speed,Slight Injury,11,Morning,0,Medium,Medium
Wednesday,Unknown,Male,Junior high school,Employee,5-10yr,Other,Owner,Unknown,Unkown,Office areas,Undivided Two way,Tangent road with flat terrain,Crossing,Asphalt roads,Dry,Daylight,Normal,Rollover,2,1.0,Going straight,na,na,na,na,Overtaking,Slight Injury,9,Morning,0,Medium,Low
Sunday,31-50,Male,High school,Owner,2-5yr,Stationwagen,Owner,Unknown,Unkown,Office areas,One way,Tangent road with flat terrain,No junction,Asphalt roads,Dry,Daylight,Cloudy,Rollover,2,1.0,Other,Driver or rider,Male,31-50,3,Changing lane to the right,Slight Injury,16,Afternoon,0,Medium,Low
Friday,Unknown,Male,Junior high school,Employee,2-5yr,Lorry (41?100Q),Owner,Unknown,Unkown,Office areas,Undivided Two way,Tangent road with flat terrain,Crossing,Asphalt roads,Dry,Daylight,Normal,Collision with pedestrians,2,1.0,Going straight,na,na,na,na,Changing lane to the right,Slight Injury,15,Afternoon,0,Medium,Low
Monday,Unknown,Male,Junior high school,Employee,5-10yr,Taxi,Owner,Unknown,No defect,Other,Undivided Two way,Tangent road with flat terrain,No junction,Asphalt roads,Dry,Daylight,Normal,Vehicle with vehicle collision,2,1.0,Going straight,Driver or rider,Male,31-50,3,Moving Backward,Slight Injury,15,Afternoon,0,Medium,Low
Monday,18-30,Male,Junior high school,Employee,5-10yr,Other,Governmental,Unknown,Unkown,Other,Double carriageway (median),Tangent road with flat terrain,No junction,Other,Dry,Daylight,Normal,Vehicle with vehicle collision,2,1.0,Going straight,Driver or rider,Female,5,3,Moving Backward,Slight Injury,15,Afternoon,0,Medium,Low
Friday,Under 18,Male,Junior high school,Employee,2-5yr,Public (12 seats),Owner,Unknown,No defect,Office areas,Two-way (divided with solid lines road marking),Tangent road with flat terrain,No junction,Asphalt roads,Dry,Daylight,Unknown,Vehicle with vehicle collision,2,1.0,Going straight,Pedestrian,Male,Over 51,3,Changing lane to the left,Slight Injury,12,Afternoon,0,Medium,Low
Friday,Unknown,Female,High school,Employee,Above 10yr,Automobile,Owner,Unknown,Unkown,Residential areas,other,Tangent road with flat terrain,No junction,Asphalt roads,Dry,Daylight,Unknown,Collision with pedestrians,2,1.0,Overtaking,na,na,na,na,Moving Backward,Slight Injury,12,Afternoon,0,Medium,Low
Monday,Unknown,Male,Elementary school,Employee,5-10yr,Automobile,Governmental,2-5yrs,Unkown,  Recreational areas,Undivided Two way,Tangent road with flat terrain,Y Shape,Asphalt roads,Wet or damp,Daylight,Other,Collision with pedestrians,2,1.0,Going straight,Driver or rider,Male,31-50,3,No distancing,Slight Injury,20,Evening,0,Medium,Low
Monday,18-30,Male,Junior high school,Employee,Above 10yr,Public (13?45 seats),Owner,1-2yr,No defect,Other,other,Tangent road with flat terrain,No junction,Asphalt roads,Dry,Daylight,Normal,Vehicle with vehicle collision,2,1.0,Going straight,Pedestrian,Male,18-30,3,Moving Backward,Serious Injury,7,Morning,0,Medium,Low
Sunday,18-30,Male,Writing & reading,Employee,2-5yr,Lorry (41?100Q),Owner,Above 10yr,No defect,Residential areas,other,Tangent road with flat terrain,No junction,Asphalt roads,Dry,Darkness - no lighting,Normal,Vehicle with vehicle collision,2,2.0,Going straight,na,na,na,na,Changing lane to the right,Serious Injury,22,Night,0,Medium,Low
Sunday,18-30,Male,Junior high school,Employee,2-5yr,Lorry (41?100Q),Owner,Unknown,No defect,Other,other,Tangent road with flat terrain,No junction,Asphalt roads,Dry,Darkness - no lighting,Normal,Vehicle with vehicle collision,2,2.0,Turnover,Driver or rider,Male,18-30,3,Changing lane to the left,Serious Injury,22,Night,0,Medium,Low
Friday,Under 18,Male,High school,Employee,2-5yr,Lorry (11?40Q),Owner,Unknown,Unkown,Other,other,Tangent road with flat terrain,Crossing,Earth roads,Dry,Darkness - lights lit,Other,Collision with roadside objects,2,3.0,Going straight,Pedestrian,Male,18-30,3,No priority to vehicle,Slight Injury,21,Night,0,Medium,Medium
Friday,18-30,Male,Junior high school,Employee,1-2yr,Motorcycle,Owner,5-10yrs,Unkown,Other,One way,Tangent road with flat terrain,Crossing,Asphalt roads,Dry,Darkness - lights lit,Other,Vehicle with vehicle collision,2,3.0,Going straight,Pedestrian,Male,31-50,3,No distancing,Slight Injury,21,Night,0,Medium,Medium
Friday,18-30,Male,High school,Employee,5-10yr,Lorry (41?100Q),Owner,Unknown,No defect,Other,Two-way (divided with broken lines road marking),Tangent road with flat terrain,Crossing,Asphalt roads,Dry,Darkness - lights lit,Other,Collision with roadside objects,2,3.0,Getting off,na,na,na,na,No priority to vehicle,Slight Injury,21,Night,0,Medium,Medium
Wednesday,Unknown,Male,Elementary school,Employee,2-5yr,Stationwagen,Owner,2-5yrs,No defect,Other,other,Tangent road with flat terrain,No junction,Asphalt roads,Dry,Daylight,Normal,Vehicle with vehicle collision,2,2.0,Moving Backward,Driver or rider,Male,Over 51,3,Driving under the influence of drugs,Slight Injury,19,Evening,0,Medium,Low
Wednesday,31-50,Male,Junior high school,Employee,1-2yr,Automobile,Owner,Unknown,No defect,School areas,Undivided Two way,Tangent road with flat terrain,No junction,Asphalt roads,Dry,Daylight,Normal,Vehicle with vehicle collision,2,2.0,Getting off,Driver or rider,Male,5,3,Changing lane to the right,Slight Injury,19,Evening,0,Medium,Low
Wednesday,31-50,Male,Elementary school,Employee,1-2yr,Other,Owner,Unknown,No defect,Office areas,Two-way (divided with broken lines road marking),Tangent road with flat terrain,No junction,Asphalt roads,Dry,Daylight,Normal,Collision with roadside objects,2,2.0,Overtaking,na,na,na,na,No distancing,Slight Injury,19,Evening,0,Medium,Low
Wednesday,Over 51,Female,High school,Employee,No Licence,Other,Owner,Unknown,No defect,Office areas,Two-way (divided with broken lines road marking),Tangent road with flat terrain,No junction,Asphalt roads,Dry,Daylight,Normal,Vehicle with vehicle collision,2,2.0,Going straight,Driver or rider,Male,31-50,3,No distancing,Slight Injury,19,Evening,0,Medium,Low
Saturday,18-30,Male,Junior high school,Owner,5-10yr,Taxi,Owner,5-10yrs,No defect,Office areas,Two-way (divided with broken lines road marking),Tangent road with flat terrain,Y Shape,Asphalt roads,Dry,Daylight,Other,Vehicle with vehicle collision,2,1.0,Going straight,Pedestrian,Female,Under 18,3,Changing lane to the left,Slight Injury,12,Afternoon,0,Medium,Low
Sunday,31-50,Male,Junior high school,Employee,1-2yr,Automobile,Owner,Unknown,No defect,School areas,Two-way (divided with broken lines road marking),Tangent road with flat terrain,No junction,Asphalt roads,Dry,Daylight,Unknown,Collision with roadside objects,2,1.0,Going straight,Driver or rider,Male,18-30,3,Changing lane to the right,Slight Injury,9,Morning,0,Medium,Low
Sunday,Unknown,Female,Junior high school,Employee,2-5yr,Long lorry,Governmental,Unknown,No defect,School areas,Undivided Two way,Tangent road with flat terrain,No junction,Asphalt roads,Dry,Daylight,Unknown,Collision with roadside objects,2,1.0,Reversing,na,na,na,na,Changing lane to the right,Slight Injury,9,Morning,0,Medium,Low
Tuesday,Over 51,Male,Junior high school,Employee,5-10yr,Long lorry,Owner,Unknown,No defect,Office areas,Two-way (divided with broken lines road marking),Tangent road with flat terrain,Crossing,Asphalt roads,Dry,Daylight,Normal,Vehicle with vehicle collision,2,1.0,Getting off,na,na,na,na,Driving under the influence of drugs,Slight Injury,12,Afternoon,0,Medium,Low
Wednesday,31-50,Male,Junior high school,Employee,5-10yr,Lorry (41?100Q),Owner,Unknown,No defect,Office areas,Two-way (divided with broken lines road marking),Tangent road with flat terrain,Crossing,Asphalt roads,Dry,Daylight,Normal,Vehicle with vehicle collision,2,1.0,Going straight,Driver or rider,Male,18-30,3,Moving Backward,Slight Injury,17,Evening,0,Medium,Low
Wednesday,31-50,Male,Junior high school,Employee,5-10yr,Lorry (41?100Q),Governmental,Above 10yr,No defect,School areas,Two-way (divided with broken lines road marking),Tangent road with flat terrain,Crossing,Asphalt roads,Dry,Daylight,Normal,Vehicle with vehicle collision,2,1.0,Going straight,Pedestrian,Female,18-30,2,Changing lane to the left,Slight Injury,17,Evening,0,Medium,Low
Friday,Over 51,Male,Junior high school,Employee,2-5yr,Lorry (11?40Q),Owner,1-2yr,No defect,Other,Two-way (divided with broken lines road marking),Tangent road with flat terrain,Y Shape,Asphalt roads,Dry,Daylight,Normal,Vehicle with vehicle collision,2,1.0,Going straight,Pedestrian,Female,5,3,No priority to pedestrian,Serious Injury,11,Morning,0,Medium,Low
Friday,Over 51,Male,Junior high school,Employee,Above 10yr,Automobile,Owner,Above 10yr,No defect,Other,Two-way (divided with broken lines road marking),Tangent road with flat terrain,Y Shape,Asphalt roads,Dry,Daylight,Normal,Vehicle with vehicle collision,2,1.0,Reversing,Driver or rider,Male,31-50,3,No distancing,Serious Injury,11,Morning,0,Medium,Low