Day_of_week,Age_band_of_driver,Sex_of_driver,Educational_level,Vehicle_driver_relation,Driving_experience,Type_of_vehicle,Owner_of_vehicle,Service_year_of_vehicle,Defect_of_vehicle,Area_accident_occured,Lanes_or_Medians,Road_allignment,Types_of_Junction,Road_surface_type,Road_surface_conditions,Light_conditions,Weather_conditions,Type_of_collision,Number_of_vehicles_involved,Number_of_casualties,Vehicle_movement,Casualty_class,Sex_of_casualty,Age_band_of_casualty,Casualty_severity,Cause_of_accident,Accident_severity,Accident_Hour,Time_Period,High_Risk_Weather,Vehicles_Category,Casualties_Category
Thursday,Under 18,Male,Elementary school,Employee,2-5yr,Automobile,Organization,Unknown,No defect,Other,Double carriageway (median),Tangent road with flat terrain,Other,Asphalt roads,Dry,Daylight,Normal,Vehicle with vehicle collision,2,2.0,Reversing,Driver or rider,Male,18-30,3,No distancing,Serious Injury,18,Evening,0,Medium,Low
Wednesday,Unknown,Male,Junior high school,Employee,2-5yr,Long lorry,Owner,Unknown,No defect,Office areas,Two-way (divided with broken lines road marking),Tangent road with flat terrain,No junction,Asphalt roads,Dry,Daylight,Normal,Vehicle with vehicle collision,2,1.0,Going straight,Pedestrian,Male,Under 18,3,Moving Backward,Serious Injury,11,Morning,0,Medium,Low
Sunday,Over 51,Male,Junior high school,Employee,Above 10yr,Lorry (11?40Q),Owner,Unknown,No defect,Office areas,Two-way (divided with broken lines road marking),Tangent road with flat terrain,No junction,Asphalt roads,Dry,Daylight,Normal,Collision with roadside objects,2,1.0,Going straight,na,na,na,na,Changing lane to the left,Slight Injury,9,Morning,0,Medium,Low
Sunday,31-50,Male,Junior high school,Employee,2-5yr,Long lorry,Governmental,Unknown,Unkown,Office areas,One way,Tangent road with flat terrain,No junction,Asphalt roads,Dry,Daylight,Normal,Vehicle with vehicle collision,2,1.0,Reversing,Driver or rider,Female,18-30,3,Other,Slight Injury,9,Morning,0,Medium,Low
Monday,Unknown,Female,Junior high school,Owner,Below 1yr,Automobile,Owner,Unknown,Unkown,Other,Undivided Two way,Tangent road with flat terrain,No junction,Asphalt roads,Dry,Daylight,Normal,Vehicle with vehicle collision,2,1.0,Going straight,Driver or rider,Male,18-30,3,No distancing,Slight Injury,14,Afternoon,0,Medium,Low
Monday,18-30,Male,Junior high school,Employee,2-5yr,Taxi,Owner,Unknown,Unkown,Residential areas,Two-way (divided with broken lines road marking),Tangent road with flat terrain,No junction,Asphalt roads,Dry,Daylight,Normal,Vehicle with vehicle collision,2,1.0,Waiting to go,Passenger,Female,18-30,3,Moving Backward,Slight Injury,14,Afternoon,0,Medium,Low
Wednesday,Over 51,Male,Junior high school,Employee,Above 10yr,Taxi,Owner,2-5yrs,No defect,Residential areas,Two-way (divided with broken lines road marking),Gentle horizontal curve,Y Shape,Asphalt roads,Dry,Daylight,Normal,Vehicle with vehicle collision,2,2.0,Going straight,na,na,na,na,No distancing,Slight Injury,18,Evening,0,Medium,Low
Wednesday,Under 18,Male,Junior high school,Employee,2-5yr,Long lorry,Owner,5-10yrs,Unkown, Church areas,Two-way (divided with broken lines road marking),Tangent road with flat terrain,Y Shape,Asphalt roads,Dry,Daylight,Normal,Collision with roadside objects,2,2.0,Going straight,Pedestrian,Female,Over 51,3,Changing lane to the left,Slight Injury,18,Evening,0,Medium,Low
Wednesday,Under 18,Male,Elementary school,Employee,Above 10yr,Lorry (11?40Q),Owner,5-10yrs,Unkown,Other,Two-way (divided with broken lines road marking),Tangent road with flat terrain,Y Shape,Asphalt roads,Dry,Daylight,Normal,Vehicle with vehicle collision,2,2.0,Going straight,Driver or rider,Male,31-50,2,Changing lane to the left,Slight Injury,18,Evening,0,Medium,Low
Wednesday,Over 51,Male,Elementary school,Employee,Above 10yr,Lorry (11?40Q),Owner,Unknown,Unkown,Residential areas,Two-way (divided with broken lines road marking),Tangent road with flat terrain,Y Shape,Asphalt roads,Dry,Daylight,Normal,Vehicle with vehicle collision,2,2.0,Going straight,na,na,na,na,No priority to pedestrian,Slight Injury,18,Evening,0,Medium,Low
Wednesday,18-30,Male,Elementary school,Other,Above 10yr,Long lorry,Owner,2-5yrs,Unkown,Other,Undivided Two way,Tangent road with flat terrain,Y Shape,Asphalt roads,Dry,Daylight,Normal,Vehicle with vehicle collision,2,1.0,Getting off,Driver or rider,Male,18-30,2,Changing lane to the left,Slight Injury,12,Afternoon,0,Medium,Low
Wednesday,31-50,Male,Junior high school,Employee,Above 10yr,Turbo,Owner,2-5yrs,Unkown,Residential areas,Undivided Two way,Tangent road with flat terrain,Y Shape,Asphalt roads,Dry,Daylight,Normal,Vehicle with vehicle collision,2,1.0,Going straight,na,na,na,na,Driving carelessly,Slight Injury,12,Afternoon,0,Medium,Low
Tuesday,Unknown,Male,Junior high school,Employee,Below 1yr,Long lorry,Owner,2-5yrs,Unkown,Residential areas,Two-way (divided with broken lines road marking),Tangent road with flat terrain,No junction,Asphalt roads,Dry,Darkness - lights lit,Normal,Vehicle with vehicle collision,2,1.0,Going straight,Driver or rider,Male,31-50,3,Driving carelessly,Serious Injury,0,Night,0,Medium,Low
Tuesday,31-50,Male,Elementary school,Employee,5-10yr,Long lorry,Owner,5-10yrs,No defect,Other,Two-way (divided with broken lines road marking),Tangent road with flat terrain,No junction,Asphalt roads,Dry,Darkness - lights lit,Normal,Vehicle with vehicle collision,2,1.0,Going straight,na,na,na,na,No priority to pedestrian,Serious Injury,0,Night,0,Medium,Low
Tuesday,18-30,Male,Junior high school,Employee,2-5yr,Public (13?45 seats),Company,Unknown,Unkown,Other,Two-way (divided with broken lines road marking),Tangent road with flat terrain,No junction,Asphalt roads,Dry,Darkness - lights lit,Normal,Vehicle with vehicle collision,2,1.0,Reversing,Pedestrian,Female,31-50,3,Getting off the vehicle improperly,Serious Injury,0,Night,0,Medium,Low
Sunday,Unknown,Female,Junior high school,Employee,Above 10yr,Automobile,Owner,Unknown,No defect,Other,Undivided Two way,Tangent road with flat terrain,Y Shape,Earth roads,Flood over 3cm. deep,Daylight,Raining,Vehicle with vehicle collision,2,1.0,Turnover,Driver or rider,Male,31-50,2,No distancing,Slight Injury,15,Afternoon,1,Medium,Low
Sunday,18-30,Male,Junior high school,Employee,Below 1yr,Automobile,Owner,Unknown,No defect,Other,Double carriageway (median),Tangent road with flat terrain,Y Shape,Asphalt roads,Flood over 3cm. deep,Daylight,Raining,Vehicle with vehicle collision,2,1.0,Going straight,Pedestrian,Female,18-30,3,Changing lane to the left,Slight Injury,15,Afternoon,1,Medium,Low
Sunday,18-30,Male,Junior high school,Owner,2-5yr,Pick up upto 10Q,Owner,Unknown,Unkown,Residential areas,Two-way (divided with broken lines road marking),Tangent road with flat terrain,Y Shape,Asphalt roads,Dry,Darkness - lights lit,Normal,Vehicle with vehicle collision,2,2.0,Going straight,na,na,na,na,No priority to vehicle,Serious Injury,1,Night,0,Medium,Low
Sunday,18-30,Male,Junior high school,Employee,Above 10yr,Automobile,Owner,2-5yrs,Unkown,  Recreational areas,Undivided Two way,Tangent road with flat terrain,Y Shape,Asphalt roads,Dry,Darkness - lights lit,Normal,Vehicle with vehicle collision,2,2.0,Going straight,Driver or rider,Male,18-30,3,No distancing,Serious Injury,1,Night,0,Medium,Low
Sunday,18-30,Male,Writing & reading,Employee,2-5yr,Stationwagen,Owner,Unknown,Unkown,Other,other,Tangent road with flat terrain,No junction,Asphalt roads,Dry,Darkness - no lighting,Normal,Collision with roadside objects,2,1.0,Going straight,na,na,na,na,No priority to pedestrian,Slight Injury,1,Night,0,Medium,Low
Sunday,31-50,Male,Junior high school,Employee,2-5yr,Automobile,Owner,Unknown,Unkown,Office areas,Undivided Two way,Tangent road with flat terrain,No junction,Asphalt roads,Dry,Darkness - no lighting,Normal,Collision with roadside objects,2,1.0,Getting off,Driver or rider,Male,31-50,3,No priority to pedestrian,Slight Injury,1,Night,0,Medium,Low
Sunday,Under 18,Male,High school,Employee,2-5yr,Automobile,Company,Unknown,Unkown,Other,Undivided Two way,Tangent road with flat terrain,No junction,Asphalt roads,Dry,Darkness - no lighting,Normal,Collision with roadside objects,2,1.0,Going straight,na,na,na,na,No priority to vehicle,Slight Injury,21,Night,0,Medium,Low
Sunday,Under 18,Male,Junior high school,Employee,1-2yr,Automobile,Owner,Unknown,Unkown,Office areas,Undivided Two way,Tangent road with flat terrain,No junction,Asphalt roads,Dry,Darkness - no lighting,Normal,Collision with pedestrians,2,1.0,Going straight,Driver or rider,Male,Under 18,3,Driving carelessly,Slight Injury,21,Night,0,Medium,Low
Wednesday,18-30,Male,High school,Employee,5-10yr,Long lorry,Owner,Unknown,Unkown,Office areas,One way,Tangent road with flat terrain,No junction,Gravel roads,Dry,Daylight,Normal,Vehicle with vehicle collision,2,2.0,Going straight,na,na,na,na,Changing lane to the right,Slight Injury,16,Afternoon,0,Medium,Low
Wednesday,31-50,Male,Elementary school,Employee,2-5yr,Public (13?45 seats),Owner,Unknown,Unkown,Office areas,Undivided Two way,Tangent road with flat terrain,No junction,Asphalt roads,Dry,Daylight,Normal,Vehicle with vehicle collision,2,2.0,Going straight,Driver or rider,Male,31-50,2,Changing lane to the left,Slight Injury,16,Afternoon,0,Medium,Low
Wednesday,31-50,Male,Junior high school,Employee,1-2yr,Public (13?45 seats),Owner,Unknown,No defect,Other,Undivided Two way,Tangent road with flat terrain,No junction,Asphalt roads,Dry,Daylight,Normal,Collision with pedestrians,2,2.0,Going straight,Pedestrian,Male,18-30,3,Moving Backward,Slight Injury,16,Afternoon,0,Medium,Low
Tuesday,18-30,Male,Elementary school,Employee,1-2yr,Lorry (11?40Q),Governmental,Unknown,Unkown,Other,Double carriageway (median),Tangent road with flat terrain,No junction,Asphalt roads,Dry,Daylight,Normal,Vehicle with vehicle collision,2,1.0,Going straight,Driver or rider,Female,18-30,3,Driving carelessly,Slight Injury,14,Afternoon,0,Medium,Low
Tuesday,18-30,Male,High school,Employee,No Licence,Lorry (11?40Q),Owner,Unknown,No defect,Office areas,Two-way (divided with solid lines road marking),Tangent road with flat terrain,No junction,Other,Dry,Daylight,Normal,Vehicle with vehicle collision,2,1.0,Going straight,na,na,na,na,Driving to the left,Slight Injury,14,Afternoon,0,Medium,Low
Friday,Unknown,Female,Junior high school,Owner,5-10yr,Pick up upto 10Q,Owner,Unknown,Unkown,Residential areas,other,Tangent road with flat terrain,Y Shape,Asphalt roads,Dry,Darkness - lights lit,Unknown,Vehicle with vehicle collision,2,1.0,Going straight,na,na,na,na,Driving to the left,Slight Injury,2,Night,0,Medium,Low
Friday,Under 18,Male,Junior high school,Employee,1-2yr,Automobile,Governmental,2-5yrs,Unkown,  Recreational areas,Undivided Two way,Tangent road with flat terrain,Y Shape,Asphalt roads,Dry,Darkness - lights lit,Unknown,Vehicle with vehicle collision,2,1.0,Going straight,Pedestrian,Male,18-30,3,No priority to pedestrian,Slight Injury,2,Night,0,Medium,Low
Saturday,31-50,Male,Junior high school,Employee,2-5yr,Automobile,Owner,1-2yr,No defect,Other,other,Tangent road with flat terrain,No junction,Asphalt roads,Dry,Daylight,Normal,Vehicle with vehicle collision,2,1.0,Going straight,na,na,na,na,Changing lane to the left,Serious Injury,18,Evening,0,Medium,Low
Saturday,Unknown,Male,Junior high school,Employee,5-10yr,Automobile,Owner,Above 10yr,No defect,Residential areas,other,Tangent road with flat terrain,No junction,Asphalt roads,Dry,Daylight,Normal,Vehicle with vehicle collision,2,1.0,Reversing,Driver or rider,Male,18-30,2,Changing lane to the right,Serious Injury,18,Evening,0,Medium,Low
Wednesday,31-50,Male,Junior high school,Employee,5-10yr,Long lorry,Owner,Unknown,No defect,Other,other,Tangent road with flat terrain,Other,Asphalt roads,Dry,Daylight,Normal,Collision with roadside objects,2,1.0,Going straight,Pedestrian,Male,18-30,3,Driving carelessly,Slight Injury,19,Evening,0,Medium,Low
Wednesday,Unknown,Male,Junior high school,Employee,5-10yr,Long lorry,Owner,Unknown,Unkown,Other,other,Tangent road with flat terrain,Other,Asphalt roads,Dry,Daylight,Normal,Collision with pedestrians,2,1.0,Turnover,na,na,na,na,No distancing,Slight Injury,19,Evening,0,Medium,Low
Wednesday,31-50,Male,Junior high school,Employee,2-5yr,Automobile,Owner,5-10yrs,Unkown,Other,One way,Tangent road with flat terrain,No junction,Asphalt roads,Dry,Daylight,Normal,Vehicle with vehicle collision,2,1.0,Going straight,na,na,na,na,Getting off the vehicle improperly,Slight Injury,6,Morning,0,Medium,Low
Wednesday,31-50,Male,Junior high school,Employee,Above 10yr,Stationwagen,Owner,Unknown,No defect,Other,Two-way (divided with broken lines road marking),Tangent road with flat terrain,No junction,Asphalt roads,Dry,Daylight,Normal,Vehicle with vehicle collision,2,1.0,Going straight,Driver or rider,Male,31-50,3,Driving under the influence of drugs,Slight Injury,6,Morning,0,Medium,Low
Monday,18-30,Male,Junior high school,Owner,Above 10yr,Automobile,Owner,2-5yrs,No defect,Other,other,Tangent road with flat terrain,No junction,Asphalt roads,Dry,Daylight,Normal,Collision with roadside objects,2,2.0,Going straight,Driver or rider,Female,31-50,3,Changing lane to the right,Slight Injury,13,Afternoon,0,Medium,Low
Monday,18-30,Male,Junior high school,Employee,5-10yr,Other,Owner,Unknown,No defect,School areas,Undivided Two way,Tangent road with flat terrain,No junction,Asphalt roads,Dry,Daylight,Normal,Vehicle with vehicle collision,2,2.0,Going straight,na,na,na,na,Driving carelessly,Slight Injury,13,Afternoon,0,Medium,Low
Monday,18-30,Male,Elementary school,Owner,Above 10yr,Special vehicle,Owner,Unknown,No defect,Office areas,Two-way (divided with broken lines road marking),Tangent road with flat terrain,No junction,Asphalt roads,Dry,Daylight,Normal,Vehicle with vehicle collision,2,2.0,Reversing,Pedestrian,Male,Over 51,3,Moving Backward,Slight Injury,13,Afternoon,0,Medium,Low
Monday,Over 51,Male,Junior high school,Employee,5-10yr,Lorry (41?100Q),Owner,Unknown,No defect,Office areas,Two-way (divided with broken lines road marking),Tangent road with flat terrain,No junction,Asphalt roads,Dry,Daylight,Normal,Vehicle with vehicle collision,2,1.0,Going straight,na,na,na,na,Turnover,Slight Injury,14,Afternoon,0,Medium,Low
Monday,Over 51,Male,Junior high school,Owner,5-10yr,Pick up upto 10Q,Owner,5-10yrs,No defect,Office areas,Two-way (divided with broken lines road marking),Tangent road with flat terrain,No junction,Asphalt roads,Dry,Daylight,Normal,Vehicle with vehicle collision,2,1.0,Turnover,Driver or rider,Female,Under 18,3,Changing lane to the right,Slight Injury,14,Afternoon,0,Medium,Low
Wednesday,31-50,Male,Junior high school,Owner,Above 10yr,Lorry (11?40Q),Owner,Unknown,No defect,School areas,Two-way (divided with broken lines road marking),Tangent road with flat terrain,Y Shape,Asphalt roads,Dry,Daylight,Normal,Vehicle with vehicle collision,2,1.0,Going straight,na,na,na,na,Driving carelessly,Serious Injury,20,Evening,0,Medium,Low
Wednesday,31-50,Male,High school,Owner,Above 10yr,Lorry (41?100Q),Governmental,Unknown,No defect,School areas,Undivided Two way,Tangent road with flat terrain,Y Shape,Gravel roads,Dry,Daylight,Normal,Vehicle with vehicle collision,2,1.0,Going straight,na,na,na,na,No priority to vehicle,Serious Injury,20,Evening,0,Medium,Low
Tuesday,31-50,Male,Junior high school,Employee,5-10yr,Motorcycle,Owner,Unknown,No defect,Office areas,Two-way (divided with broken lines road marking),Tangent road with flat terrain,Crossing,Asphalt roads,Dry,Daylight,Unknown,Vehicle with vehicle collision,2,1.0,Going straight,Driver or rider,Male,31-50,3,Moving Backward,Slight Injury,6,Morning,0,Medium,Low
Tuesday,31-50,Male,Elementary school,Employee,5-10yr,Automobile,Owner,Unknown,No defect,Office areas,Two-way (divided with broken lines road marking),Tangent road with flat terrain,Crossing,Asphalt roads,Dry,Daylight,Unknown,Vehicle with vehicle collision,2,1.0,Going straight,na,na,na,na,Changing lane to the left,Slight Injury,6,Morning,0,Medium,Low
Saturday,Over 51,Male,Elementary school,Owner,Above 10yr,Automobile,Governmental,Above 10yr,No defect,School areas,Two-way (divided with broken lines road marking),Tangent road with flat terrain,Y Shape,Asphalt roads,Dry,Daylight,Normal,Collision with roadside objects,2,1.0,Going straight,na,na,na,na,Overturning,Slight Injury,14,Afternoon,0,Medium,Low
Saturday,31-50,Male,Junior high school,Owner,Below 1yr,Automobile,Owner,1-2yr,No defect,Other,Two-way (divided with broken lines road marking),Tangent road with flat terrain,Y Shape,Other,Dry,Daylight,Normal,Collision with roadside objects,2,1.0,Getting off,Driver or rider,Female,18-30,3,No distancing,Slight Injury,14,Afternoon,0,Medium,Low
Saturday,18-30,Male,Junior high school,Owner,2-5yr,Stationwagen,Owner,Above 10yr,No defect,Other,Two-way (divided with broken lines road marking),Tangent road with flat terrain,No junction,Asphalt roads,Dry,Daylight,Normal,Collision with roadside objects,2,1.0,Moving Backward,Pedestrian,Female,Over 51,2,Driving carelessly,Fatal injury,12,Afternoon,0,Medium,Low
Tuesday,18-30,Male,Junior high school,Owner,2-5yr,Automobile,Owner,Below 1yr,No defect,Other,Undivided Two way,Tangent road with flat terrain,No junction,Other,Dry,Daylight,Normal,Vehicle with vehicle collision,2,1.0,Going straight,na,na,na,na,No distancing,Slight Injury,18,Evening,0,Medium,Low
Tuesday,Unknown,Male,High school,Owner,5-10yr,Public (> 45 seats),Owner,Above 10yr,No defect,Other,Two-way (divided with broken lines road marking),Tangent road with flat terrain,No junction,Asphalt roads,Dry,Daylight,Normal,Collision with pedestrians,2,1.0,Turnover,na,na,na,na,Changing lane to the left,Slight Injury,18,Evening,0,Medium,Low
Monday,18-30,Male,Junior high school,Owner,5-10yr,Public (> 45 seats),Owner,Unknown,No defect,Residential areas,Undivided Two way,Tangent road with flat terrain,No junction,Asphalt roads,Dry,Daylight,Normal,Vehicle with vehicle collision,2,1.0,Going straight,Driver or rider,Male,31-50,3,No priority to pedestrian,Slight Injury,6,Morning,0,Medium,Low
Monday,31-50,Male,Junior high school,Owner,Below 1yr,Stationwagen,Governmental,1-2yr,No defect,Other,Undivided Two way,Tangent road with flat terrain,No junction,Asphalt roads,Dry,Daylight,Normal,Collision with pedestrians,2,1.0,Going Straight,Pedestrian,Female,Over 51,3,No distancing,Slight Injury,6,Morning,0,Medium,Low
Wednesday,Unknown,Male,Elementary school,Owner,Above 10yr,Automobile,Owner,1-2yr,No defect,Other,Undivided Two way,Tangent road with flat terrain,No junction,Asphalt roads,Dry,Daylight,Normal,Vehicle with vehicle collision,2,2.0,Going straight,Pedestrian,Female,31-50,3,No distancing,Slight Injury,14,Afternoon,0,Medium,Low
Wednesday,Over 51,Male,Elementary school,Owner,Below 1yr,Bicycle,Owner,Unknown,No defect, Industrial areas,Undivided Two way,Tangent road with flat terrain,No junction,Asphalt roads,Dry,Daylight,Normal,Collision with pedestrians,2,2.0,Going straight,Driver or rider,Male,18-30,3,Changing lane to the left,Slight Injury,14,Afternoon,0,Medium,Low
Wednesday,Over 51,Male,Junior high school,Owner,5-10yr,Automobile,Owner,Unknown,No defect,  Recreational areas,Undivided Two way,Tangent road with flat terrain,No junction,Asphalt roads,Dry,Daylight,Normal,Vehicle with vehicle collision,2,2.0,Going straight,na,na,na,na,No distancing,Slight Injury,14,Afternoon,0,Medium,Low
Saturday,Unknown,Female,Junior high school,Owner,5-10yr,Lorry (41?100Q),Owner,Above 10yr,No defect, Church areas,Two-way (divided with broken lines road marking),Tangent road with flat terrain,Y Shape,Asphalt roads,Dry,Daylight,Normal,Vehicle with vehicle collision,2,1.0,Going straight,Driver or rider,Female,18-30,3,Changing lane to the left,Slight Injury,15,Afternoon,0,Medium,Low
Saturday,18-30,Male,Junior high school,Owner,5-10yr,Automobile,Owner,Unknown,Unkown,Office areas,Two-way (divided with broken lines road marking),Tangent road with flat terrain,Y Shape,Asphalt roads,Dry,Daylight,Normal,Vehicle with vehicle collision,2,1.0,Turnover,na,na,na,na,No distancing,Slight Injury,15,Afternoon,0,Medium,Low
Wednesday,18-30,Male,Junior high school,Employee,1-2yr,Public (13?45 seats),Owner,Unknown,Unkown,Other,Two-way (divided with broken lines road marking),Tangent road with flat terrain,No junction,Asphalt roads,Wet or damp,Daylight,Raining,Vehicle with vehicle collision,2,1.0,Turnover,Driver or rider,Male,18-30,3,No distancing,Slight Injury,16,Afternoon,1,Medium,Low
Wednesday,31-50,Male,High school,Owner,5-10yr,Special vehicle,Owner,Unknown,Unkown,Office areas,Undivided Two way,Tangent road with flat terrain,No junction,Asphalt roads,Wet or damp,Daylight,Raining,Vehicle with vehicle collision,2,1.0,Going straight,Pedestrian,Male,18-30,3,No distancing,Slight Injury,16,Afternoon,1,Medium,Low
Thursday,31-50,Male,Junior high school,Employee,5-10yr,Automobile,Owner,Unknown,Unkown,Office areas,Two-way (divided with broken lines road marking),Tangent road with flat terrain,No junction,Asphalt roads,Dry,Daylight,Normal,Vehicle with vehicle collision,2,1.0,Getting off,Passenger,Female,Over 51,3,Changing lane to the left,Slight Injury,18,Evening,0,Medium,Low
Thursday,31-50,Male,Junior high school,Employee,5-10yr,Public (13?45 seats),Owner,Unknown,Unkown,Other,Two-way (divided with broken lines road marking),Tangent road with flat terrain,No junction,Asphalt roads,Dry,Daylight,Normal,Vehicle with vehicle collision,2,1.0,Getting off,Passenger,Female,Over 51,3,Changing lane to the right,Slight Injury,18,Evening,0,Medium,Low
Thursday,18-30,Male,Junior high school,Employee,5-10yr,Automobile,Owner,Above 10yr,Unkown,Residential areas,Undivided Two way,Tangent road with flat terrain,Crossing,Asphalt roads,Dry,Daylight,Normal,Vehicle with vehicle collision,2,2.0,Going straight,Pedestrian,Male,18-30,3,Moving Backward,Slight Injury,12,Afternoon,0,Medium,Low
Thursday,31-50,Male,Junior high school,Employee,Above 10yr,Lorry (41?100Q),Owner,Above 10yr,Unkown,Office areas,other,Tangent road with mountainous terrain and,Crossing,Asphalt roads,Dry,Daylight,Normal,Vehicle with vehicle collision,2,2.0,Overtaking,na,na,na,na,Changing lane to the right,Slight Injury,12,Afternoon,0,Medium,Low
Saturday,Over 51,Male,Junior high school,Employee,5-10yr,Lorry (41?100Q),Owner,Above 10yr,No defect,Residential areas,other,Tangent road with flat terrain,Y Shape,Asphalt roads,Dry,Daylight,Normal,Vehicle with vehicle collision,2,2.0,Reversing,Pedestrian,Female,31-50,3,No distancing,Slight Injury,12,Afternoon,0,Medium,Low
Saturday,31-50,Male,Junior high school,Employee,No Licence,Public (12 seats),Company,Unknown,Unkown,School areas,Two-way (divided with broken lines road marking),Tangent road with flat terrain,Y Shape,Asphalt roads,Dry,Daylight,Normal,Vehicle with vehicle collision,2,2.0,Going straight,na,na,na,na,Overtaking,Slight Injury,12,Afternoon,0,Medium,Low
Saturday,31-50,Male,Above high school,Employee,Below 1yr,Lorry (41?100Q),Owner,Above 10yr,No defect,Office areas,Two-way (divided with broken lines road marking),Sharp reverse curve,Y Shape,Asphalt roads,Dry,Daylight,Normal,Vehicle with vehicle collision,2,2.0,Getting off,Driver or rider,Male,31-50,3,Other,Slight Injury,12,Afternoon,0,Medium,Low
Thursday,18-30,Male,Elementary school,Employee,5-10yr,Lorry (41?100Q),Owner,5-10yrs,No defect,Other,other,Tangent road with flat terrain,Crossing,Asphalt roads,Dry,Daylight,Normal,Rollover,2,1.0,Getting off,na,na,na,na,Other,Slight Injury,7,Morning,0,Medium,Low
Friday,31-50,Male,Elementary school,Employee,5-10yr,Public (12 seats),Owner,Above 10yr,No defect,Other,Undivided Two way,Tangent road with flat terrain,Y Shape,Asphalt roads,Dry,Daylight,Normal,Collision with roadside objects,2,1.0,Reversing,Driver or rider,Male,31-50,3,Changing lane to the right,Slight Injury,17,Evening,0,Medium,Low
Friday,31-50,Male,Junior high school,Employee,5-10yr,Public (> 45 seats),Owner,Above 10yr,No defect, Church areas,other,Tangent road with flat terrain,Y Shape,Asphalt roads,Dry,Daylight,Normal,Vehicle with vehicle collision,2,1.0,Turnover,Driver or rider,Male,18-30,2,No priority to pedestrian,Slight Injury,17,Evening,0,Medium,Low
Saturday,31-50,Male,High school,Employee,5-10yr,Automobile,Owner,Unknown,No defect,Office areas,Two-way (divided with broken lines road marking),Tangent road with flat terrain,No junction,Asphalt roads,Dry,Daylight,Normal,Vehicle with vehicle collision,2,1.0,Moving Backward,na,na,na,na,No priority to vehicle,Slight Injury,11,Morning,0,Medium,Low
Saturday,31-50,Male,Junior high school,Employee,5-10yr,Pick up upto 10Q,Owner,Unknown,No defect,Other,Two-way (divided with broken lines road marking),Tangent road with flat terrain,No junction,Earth roads,Dry,Daylight,Normal,Vehicle with vehicle collision,2,1.0,Going straight,Driver or rider,Male,18-30,3,Changing lane to the left,Slight Injury,11,Morning,0,Medium,Low
Saturday,Over 51,Male,Junior high school,Employee,2-5yr,Stationwagen,Owner,Unknown,No defect,Office areas,Two-way (divided with broken lines road marking),Tangent road with mild grade and flat terrain,Crossing,Asphalt roads,Dry,Darkness - lights lit,Normal,Collision with pedestrians,2,1.0,Going straight,na,na,na,na,Changing lane to the left,Serious Injury,20,Evening,0,Medium,Low
Friday,Unknown,Male,Writing & reading,Employee,5-10yr,Other,Owner,Unknown,No defect,Office areas,Two-way (divided with broken lines road marking),Tangent road with flat terrain,Y Shape,Asphalt roads,Dry,Daylight,Normal,Collision with pedestrians,2,2.0,Going straight,Pedestrian,Male,18-30,3,Overtaking,Slight Injury,18,Evening,0,Medium,Low
Friday,18-30,Male,Junior high school,Employee,Above 10yr,Automobile,Owner,Above 10yr,No defect,Office areas,Two-way (divided with broken lines road marking),Sharp reverse curve,Y Shape,Asphalt roads,Dry,Daylight,Normal,Vehicle with vehicle collision,2,2.0,Going straight,Pedestrian,Male,18-30,3,No distancing,Slight Injury,18,Evening,0,Medium,Low
Friday,18-30,Male,Junior high school,Employee,1-2yr,Automobile,Owner,Above 10yr,No defect, Church areas,Undivided Two way,Sharp reverse curve,Y Shape,Asphalt roads,Dry,Daylight,Normal,Vehicle with vehicle collision,2,2.0,Reversing,Passenger,Female,18-30,3,No priority to vehicle,Slight Injury,18,Evening,0,Medium,Low
Friday,Unknown,Male,Writing & reading,Employee,Below 1yr,Stationwagen,Owner,Above 10yr,No defect,Office areas,Undivided Two way,Gentle horizontal curve,Crossing,Asphalt roads,Dry,Daylight,Other,Collision with pedestrians,2,1.0,Going straight,Driver or rider,Male,31-50,3,Changing lane to the right,Slight Injury,17,Evening,0,Medium,Low
Friday,Over 51,Male,Elementary school,Employee,1-2yr,Pick up upto 10Q,Owner,5-10yrs,No defect,Other,Double carriageway (median),Gentle horizontal curve,Crossing,Asphalt roads,Dry,Daylight,Other,Collision with pedestrians,2,1.0,Going straight,na,na,na,na,Changing lane to the left,Slight Injury,17,Evening,0,Medium,Low
Saturday,18-30,Male,Junior high school,Employee,5-10yr,Lorry (41?100Q),Owner,Unknown,Unkown,Other,Two-way (divided with broken lines road marking),Tangent road with flat terrain,No junction,Asphalt roads,Dry,Darkness - lights lit,Normal,Collision with pedestrians,2,1.0,Going straight,Passenger,Male,Over 51,2,No distancing,Slight Injury,3,Night,0,Medium,Low
Friday,18-30,Male,Junior high school,Employee,1-2yr,Automobile,Owner,5-10yrs,No defect, Church areas,Unknown,Tangent road with mountainous terrain and,No junction,Asphalt roads,Dry,Daylight,Normal,Vehicle with vehicle collision,2,1.0,Going straight,Driver or rider,Male,18-30,3,Driving carelessly,Slight Injury,18,Evening,0,Medium,Low
Friday,Unknown,Male,Elementary school,Owner,5-10yr,Automobile,Owner,1-2yr,Unkown,School areas,Undivided Two way,Tangent road with flat terrain,No junction,Asphalt roads,Dry,Daylight,Normal,Collision with roadside objects,2,1.0,Getting off,na,na,na,na,No priority to pedestrian,Slight Injury,18,Evening,0,Medium,Low