Day_of_week,Age_band_of_driver,Sex_of_driver,Educational_level,Vehicle_driver_relation,Driving_experience,Type_of_vehicle,Owner_of_vehicle,Service_year_of_vehicle,Defect_of_vehicle,Area_accident_occured,Lanes_or_Medians,Road_allignment,Types_of_Junction,Road_surface_type,Road_surface_conditions,Light_conditions,Weather_conditions,Type_of_collision,Number_of_vehicles_involved,Number_of_casualties,Vehicle_movement,Casualty_class,Sex_of_casualty,Age_band_of_casualty,Casualty_severity,Cause_of_accident,Accident_severity,Accident_Hour,Time_Period,High_Risk_Weather,Vehicles_Category,Casualties_Category
Thursday,18-30,Male,Elementary school,Employee,2-5yr,Other,Owner,Unknown,No defect,  Recreational areas,other,Tangent road with flat terrain,No junction,Asphalt roads,Snow,Daylight,Snow,Vehicle with vehicle collision,2,3.5,Unknown,Driver or rider,Male,31-50,3,No priority to vehicle,Slight Injury,12,Afternoon,1,Medium,Medium
Thursday,18-30,Male,Junior high school,Employee,1-2yr,Automobile,Governmental,Unknown,No defect,Office areas,other,Tangent road with mild grade and flat terrain,No junction,Asphalt roads,Snow,Daylight,Snow,Vehicle with vehicle collision,2,3.5,Going straight,na,na,na,na,Changing lane to the right,Slight Injury,12,Afternoon,1,Medium,Medium
Thursday,18-30,Male,Elementary school,Employee,1-2yr,Automobile,Owner,5-10yrs,No defect, Industrial areas,other,Tangent road with flat terrain,No junction,Asphalt roads,Snow,Daylight,Snow,Vehicle with vehicle collision,2,3.5,Unknown,Pedestrian,Female,18-30,3,Moving Backward,Slight Injury,12,Afternoon,1,Medium,Medium
Thursday,18-30,Male,High school,Employee,No Licence,Taxi,Company,Unknown,Unkown,Other,Two-way (divided with broken lines road marking),Tangent road with flat terrain,No junction,Asphalt roads,Snow,Daylight,Snow,Vehicle with vehicle collision,2,3.5,Going straight,Pedestrian,Female,31-50,3,Changing lane to the left,Slight Injury,12,Afternoon,1,Medium,Medium
Thursday,18-30,Male,Junior high school,Owner,5-10yr,Lorry (41?100Q),Owner,Unknown,No defect,Residential areas,Undivided Two way,Tangent road with flat terrain,No junction,Asphalt roads,Snow,Daylight,Snow,Vehicle with vehicle collision,2,3.5,Unknown,Pedestrian,Male,Over 51,3,No priority to pedestrian,Slight Injury,12,Afternoon,1,Medium,Medium
Tuesday,31-50,Male,Junior high school,Employee,1-2yr,Other,Governmental,Above 10yr,No defect,Residential areas,other,Tangent road with flat terrain,No junction,Asphalt roads,Dry,Daylight,Normal,Vehicle with vehicle collision,2,1.0,Going straight,na,na,na,na,No distancing,Serious Injury,9,Morning,0,Medium,Low
Thursday,Unknown,Female,Junior high school,Employee,2-5yr,Automobile,Owner,1-2yr,No defect, Industrial areas,other,Tangent road with flat terrain,No junction,Asphalt roads,Dry,Daylight,Unknown,Vehicle with vehicle collision,2,1.0,Going straight,Driver or rider,Male,18-30,3,No priority to vehicle,Slight Injury,17,Evening,0,Medium,Low
Tuesday,18-30,Male,Junior high school,Employee,5-10yr,Public (> 45 seats),Owner,2-5yrs,No defect,Residential areas,Undivided Two way,Tangent road with flat terrain,Y Shape,Asphalt roads,Dry,Daylight,Normal,Vehicle with vehicle collision,2,1.0,Going straight,na,na,na,na,No distancing,Slight Injury,15,Afternoon,0,Medium,Low
Thursday,31-50,Male,Junior high school,Employee,5-10yr,Stationwagen,Owner,Unknown,No defect,Residential areas,other,Tangent road with flat terrain,Y Shape,Asphalt roads,Wet or damp,Daylight,Raining,Vehicle with vehicle collision,2,1.0,Going straight,Driver or rider,Female,31-50,3,No distancing,Slight Injury,8,Morning,1,Medium,Low
Thursday,18-30,Male,Junior high school,Employee,5-10yr,Automobile,Owner,Unknown,No defect,Office areas,Undivided Two way,Tangent road with flat terrain,Y Shape,Asphalt roads,Wet or damp,Daylight,Raining,Vehicle with vehicle collision,2,1.0,Going straight,Pedestrian,Male,31-50,3,Moving Backward,Slight Injury,8,Morning,1,Medium,Low
Friday,18-30,Male,Junior high school,Employee,2-5yr,Lorry (41?100Q),Owner,2-5yrs,No defect,Office areas,Double carriageway (median),Escarpments,Crossing,Asphalt roads,Dry,Daylight,Normal,Collision with roadside objects,2,1.0,Other,Driver or rider,Male,18-30,3,Changing lane to the right,Slight Injury,14,Afternoon,0,Medium,Low
Friday,31-50,Male,Junior high school,Employee,Above 10yr,Other,Owner,Above 10yr,No defect,Office areas,other,Tangent road with flat terrain,Crossing,Asphalt roads,Dry,Daylight,Normal,Vehicle with vehicle collision,2,1.0,Other,na,na,na,na,No priority to pedestrian,Slight Injury,14,Afternoon,0,Medium,Low
Friday,18-30,Male,Junior high school,Owner,Above 10yr,Public (13?45 seats),Owner,1-2yr,No defect,Office areas,Undivided Two way,Escarpments,No junction,Asphalt roads,Dry,Daylight,Normal,Collision with pedestrians,2,1.0,Going straight,na,na,na,na,Moving Backward,Slight Injury,16,Afternoon,0,Medium,Low
Friday,31-50,Male,Junior high school,Employee,5-10yr,Other,Owner,Unknown,No defect,Office areas,One way,Tangent road with flat terrain,No junction,Asphalt roads,Dry,Daylight,Normal,Vehicle with vehicle collision,2,1.0,Going straight,Driver or rider,Male,5,3,Moving Backward,Slight Injury,16,Afternoon,0,Medium,Low
Wednesday,31-50,Male,Elementary school,Owner,Above 10yr,Other,Owner,Unknown,No defect,Office areas,Undivided Two way,Tangent road with flat terrain,O Shape,Asphalt roads,Dry,Daylight,Normal,Collision with roadside objects,2,1.0,Getting off,na,na,na,na,Overtaking,Slight Injury,7,Morning,0,Medium,Low
Wednesday,Unknown,Male,Junior high school,Employee,5-10yr,Ridden horse,Owner,Unknown,No defect,Office areas,other,Tangent road with flat terrain,O Shape,Asphalt roads,Dry,Daylight,Normal,Vehicle with vehicle collision,2,1.0,Going straight,Driver or rider,Male,18-30,3,Changing lane to the left,Slight Injury,7,Morning,0,Medium,Low
Sunday,31-50,Male,Junior high school,Owner,5-10yr,Lorry (41?100Q),Owner,Above 10yr,No defect,Residential areas,other,Tangent road with flat terrain,Y Shape,Asphalt roads,Wet or damp,Darkness - lights lit,Normal,Vehicle with vehicle collision,2,1.0,Going straight,na,na,na,na,Changing lane to the right,Slight Injury,17,Evening,0,Medium,Low
Sunday,18-30,Male,Junior high school,Owner,Above 10yr,Lorry (41?100Q),Owner,5-10yrs,No defect,Residential areas,One way,Tangent road with flat terrain,Y Shape,Asphalt roads,Wet or damp,Darkness - lights lit,Normal,Vehicle with vehicle collision,2,1.0,Going straight,Driver or rider,Male,31-50,3,Overtaking,Slight Injury,17,Evening,0,Medium,Low
Tuesday,Over 51,Male,High school,Owner,Above 10yr,Pick up upto 10Q,Owner,Unknown,No defect,Other,One way,Tangent road with flat terrain,Crossing,Asphalt roads,Dry,Daylight,Other,Vehicle with vehicle collision,2,1.0,Going straight,Driver or rider,Female,18-30,3,Overloading,Slight Injury,13,Afternoon,0,Medium,Low
Tuesday,Over 51,Male,Junior high school,Employee,5-10yr,Lorry (11?40Q),Owner,5-10yrs,No defect, Church areas,Undivided Two way,Tangent road with flat terrain,Crossing,Asphalt roads,Dry,Daylight,Other,Vehicle with vehicle collision,2,1.0,Going straight,na,na,na,na,Other,Slight Injury,13,Afternoon,0,Medium,Low
Thursday,Over 51,Male,Elementary school,Employee,5-10yr,Automobile,Owner,Unknown,No defect,  Recreational areas,other,Tangent road with flat terrain,Y Shape,Asphalt roads,Dry,Daylight,Normal,Rollover,2,2.0,Getting off,Driver or rider,Male,31-50,3,No priority to vehicle,Serious Injury,9,Morning,0,Medium,Low
Thursday,31-50,Male,Elementary school,Owner,Above 10yr,Automobile,Owner,Unknown,Unkown, Industrial areas,Undivided Two way,Tangent road with flat terrain,Y Shape,Asphalt roads,Dry,Daylight,Normal,Collision with roadside objects,2,2.0,Going straight,Passenger,Male,18-30,3,Changing lane to the right,Serious Injury,9,Morning,0,Medium,Low
Monday,Under 18,Male,Junior high school,Owner,Below 1yr,Lorry (11?40Q),Owner,Unknown,Unkown,Residential areas,other,Tangent road with flat terrain,Y Shape,Asphalt roads,Wet or damp,Darkness - lights lit,Other,Vehicle with vehicle collision,2,2.0,Going straight,na,na,na,na,Moving Backward,Slight Injury,0,Night,0,Medium,Low
Monday,Under 18,Male,Junior high school,Owner,2-5yr,Motorcycle,Owner,Above 10yr,No defect,Residential areas,other,Tangent road with rolling terrain,Y Shape,Asphalt roads,Wet or damp,Darkness - lights lit,Other,Collision with roadside objects,2,2.0,Other,Driver or rider,Male,31-50,3,Changing lane to the left,Slight Injury,0,Night,0,Medium,Low
Thursday,18-30,Male,Junior high school,Owner,2-5yr,Lorry (41?100Q),Owner,2-5yrs,No defect,Office areas,Double carriageway (median),Tangent road with flat terrain,Y Shape,Asphalt roads,Wet or damp,Darkness - lights lit,Raining,Vehicle with vehicle collision,2,1.0,Going straight,Pedestrian,Female,5,3,No priority to pedestrian,Serious Injury,19,Evening,1,Medium,Low
Thursday,31-50,Male,High school,Owner,5-10yr,Stationwagen,Owner,2-5yrs,No defect,  Market areas,Undivided Two way,Tangent road with flat terrain,Y Shape,Asphalt roads,Wet or damp,Darkness - lights lit,Raining,Vehicle with vehicle collision,2,1.0,Going straight,na,na,na,na,No distancing,Serious Injury,19,Evening,1,Medium,Low
Thursday,18-30,Male,Junior high school,Owner,5-10yr,Automobile,Owner,Unknown,Unkown,Unknown,other,Tangent road with flat terrain,Y Shape,Asphalt roads,Wet or damp,Darkness - lights lit,Raining,Vehicle with vehicle collision,2,1.0,Going straight,Driver or rider,Male,18-30,3,No priority to vehicle,Serious Injury,19,Evening,1,Medium,Low
Tuesday,31-50,Male,Junior high school,Owner,Below 1yr,Other,Owner,Unknown,No defect, Industrial areas,other,Tangent road with flat terrain,Y Shape,Asphalt roads,Dry,Daylight,Normal,Vehicle with vehicle collision,2,1.0,Going straight,na,na,na,na,No distancing,Serious Injury,16,Afternoon,0,Medium,Low
Monday,Unknown,Female,Elementary school,Owner,Above 10yr,Other,Owner,Unknown,No defect,Residential areas,Two-way (divided with solid lines road marking),Tangent road with flat terrain,No junction,Asphalt roads,Dry,Daylight,Normal,Vehicle with vehicle collision,2,1.0,Going straight,Driver or rider,Female,31-50,3,Moving Backward,Serious Injury,7,Morning,0,Medium,Low
Monday,31-50,Male,Elementary school,Owner,Below 1yr,Taxi,Governmental,Below 1yr,No defect,Residential areas,Undivided Two way,Tangent road with flat terrain,No junction,Asphalt roads,Dry,Daylight,Normal,Collision with roadside objects,2,1.0,Reversing,na,na,na,na,Overtaking,Serious Injury,7,Morning,0,Medium,Low
Wednesday,18-30,Male,Junior high school,Owner,5-10yr,Automobile,Owner,5-10yrs,No defect,Other,Undivided Two way,Tangent road with flat terrain,No junction,Asphalt roads,Dry,Daylight,Normal,Vehicle with vehicle collision,2,2.0,Other,Driver or rider,Male,18-30,3,Changing lane to the left,Slight Injury,12,Afternoon,0,Medium,Low
Wednesday,18-30,Male,Junior high school,Owner,5-10yr,Long lorry,Governmental,Unknown,No defect,Residential areas,other,Tangent road with flat terrain,No junction,Asphalt roads,Dry,Daylight,Normal,Collision with roadside objects,2,2.0,Going straight,Driver or rider,Male,18-30,3,Changing lane to the right,Slight Injury,12,Afternoon,0,Medium,Low
Wednesday,Unknown,Male,Junior high school,Owner,5-10yr,Long lorry,Owner,1-2yr,No defect,Rural village areas,Undivided Two way,Gentle horizontal curve,No junction,Asphalt roads,Dry,Daylight,Normal,Vehicle with vehicle collision,2,2.0,Going straight,Pedestrian,Female,18-30,3,Overtaking,Slight Injury,12,Afternoon,0,Medium,Low
Tuesday,18-30,Male,Junior high school,Employee,1-2yr,Lorry (41?100Q),Owner,2-5yrs,No defect,Rural village areas,Undivided Two way,Gentle horizontal curve,No junction,Asphalt roads,Dry,Daylight,Normal,Vehicle with vehicle collision,2,1.0,Going straight,Passenger,Female,18-30,3,Overloading,Slight Injury,8,Morning,0,Medium,Low
Tuesday,31-50,Male,High school,Owner,5-10yr,Lorry (41?100Q),Owner,Unknown,No defect,Office areas,Double carriageway (median),Tangent road with flat terrain,No junction,Asphalt roads,Dry,Daylight,Normal,Vehicle with vehicle collision,2,1.0,Going straight,na,na,na,na,Other,Slight Injury,8,Morning,0,Medium,Low
Sunday,31-50,Male,Junior high school,Employee,5-10yr,Lorry (11?40Q),Owner,2-5yrs,No defect,Residential areas,Undivided Two way,Gentle horizontal curve,No junction,Asphalt roads,Dry,Darkness - lights lit,Unknown,Vehicle with vehicle collision,2,1.0,Going straight,na,na,na,na,No priority to vehicle,Slight Injury,21,Night,0,Medium,Low
Sunday,18-30,Male,Junior high school,Employee,5-10yr,Automobile,Owner,Unknown,Unkown,Residential areas,other,Tangent road with flat terrain,No junction,Asphalt roads,Dry,Darkness - lights lit,Unknown,Vehicle with vehicle collision,2,1.0,Going straight,na,na,na,na,Changing lane to the right,Slight Injury,21,Night,0,Medium,Low
Tuesday,Unknown,Unknown,Junior high school,Employee,5-10yr,Taxi,Owner,Unknown,7, Outside rural areas,other,Tangent road with flat terrain,No junction,Asphalt roads,Wet or damp,Darkness - lights lit,Normal,Vehicle with vehicle collision,2,1.0,Going straight,Driver or rider,Male,31-50,3,Moving Backward,Slight Injury,18,Evening,0,Medium,Low
Tuesday,Over 51,Male,Junior high school,Employee,Above 10yr,Other,Owner,Above 10yr,Unkown,Residential areas,other,Tangent road with flat terrain,No junction,Asphalt roads,Wet or damp,Darkness - lights lit,Normal,Vehicle with vehicle collision,2,1.0,Going straight,na,na,na,na,Changing lane to the left,Slight Injury,18,Evening,0,Medium,Low
Thursday,Unknown,Male,Junior high school,Employee,5-10yr,Automobile,Owner,5-10yrs,5, Church areas,other,Tangent road with flat terrain,Y Shape,Asphalt roads,Wet or damp,Darkness - lights lit,Raining,Vehicle with vehicle collision,2,1.0,Going straight,Driver or rider,Male,18-30,3,No priority to pedestrian,Slight Injury,17,Evening,1,Medium,Low
Thursday,18-30,Male,Junior high school,Employee,No Licence,Automobile,Owner,Unknown,No defect,Office areas,Undivided Two way,Tangent road with flat terrain,Y Shape,Asphalt roads,Wet or damp,Darkness - lights lit,Raining,Vehicle with vehicle collision,2,1.0,Moving Backward,na,na,na,na,No distancing,Slight Injury,17,Evening,1,Medium,Low
Friday,Unknown,Male,Above high school,Employee,Below 1yr,Automobile,Owner,Unknown,No defect,Office areas,Two-way (divided with broken lines road marking),Tangent road with mountainous terrain and,Y Shape,Asphalt roads,Dry,Daylight,Unknown,Vehicle with vehicle collision,2,1.0,Moving Backward,Passenger,Female,18-30,3,No priority to vehicle,Slight Injury,16,Afternoon,0,Medium,Low
Friday,18-30,Male,Elementary school,Employee,5-10yr,Automobile,Governmental,Unknown,No defect,Office areas,Two-way (divided with broken lines road marking),Escarpments,Y Shape,Asphalt roads,Dry,Daylight,Unknown,Vehicle with vehicle collision,2,1.0,Turnover,na,na,na,na,No distancing,Slight Injury,16,Afternoon,0,Medium,Low
Saturday,Over 51,Male,Elementary school,Employee,5-10yr,Public (> 45 seats),Owner,2-5yrs,Unkown,Other,Undivided Two way,Tangent road with mountainous terrain and,No junction,Asphalt roads,Dry,Daylight,Normal,Rollover,2,1.0,Other,Passenger,Male,Over 51,3,No distancing,Slight Injury,16,Afternoon,0,Medium,Low
Saturday,31-50,Male,Junior high school,Employee,5-10yr,Lorry (11?40Q),Owner,2-5yrs,Unkown,Other,Undivided Two way,Tangent road with flat terrain,Crossing,Asphalt roads,Dry,Daylight,Normal,Collision with roadside objects,2,1.0,Other,Passenger,Female,Over 51,3,Moving Backward,Slight Injury,16,Afternoon,0,Medium,Low
Saturday,31-50,Male,High school,Employee,5-10yr,Lorry (41?100Q),Owner,Unknown,No defect,Residential areas,Two-way (divided with broken lines road marking),Tangent road with flat terrain,Crossing,Asphalt roads,Dry,Daylight,Normal,Vehicle with vehicle collision,2,1.0,Going straight,na,na,na,na,Changing lane to the right,Slight Injury,16,Afternoon,0,Medium,Low
Monday,31-50,Male,Junior high school,Employee,5-10yr,Lorry (41?100Q),Owner,Unknown,Unkown,Other,Two-way (divided with broken lines road marking),Tangent road with flat terrain,Y Shape,Asphalt roads,Dry,Daylight,Normal,Vehicle with vehicle collision,2,1.0,Going straight,Driver or rider,Male,18-30,3,No priority to pedestrian,Slight Injury,12,Afternoon,0,Medium,Low
Saturday,18-30,Male,Junior high school,Employee,2-5yr,Stationwagen,Owner,Below 1yr,Unkown,Other,Undivided Two way,Tangent road with mild grade and flat terrain,Crossing,Asphalt roads,Dry,Daylight,Normal,Collision with roadside objects,2,1.0,Other,na,na,na,na,Moving Backward,Slight Injury,15,Afternoon,0,Medium,Low
Saturday,31-50,Male,Writing & reading,Employee,5-10yr,Other,Owner,5-10yrs,Unkown,Other,Two-way (divided with broken lines road marking),Tangent road with flat terrain,Crossing,Asphalt roads,Dry,Daylight,Normal,Vehicle with vehicle collision,2,1.0,Other,na,na,na,na,Getting off the vehicle improperly,Slight Injury,15,Afternoon,0,Medium,Low
Wednesday,31-50,Male,Junior high school,Employee,Above 10yr,Automobile,Governmental,5-10yrs,No defect,Other,Undivided Two way,Tangent road with flat terrain,No junction,Asphalt roads,Dry,Daylight,Normal,Vehicle with vehicle collision,2,1.0,Going straight,Driver or rider,Male,18-30,3,Overtaking,Slight Injury,10,Morning,0,Medium,Low
Friday,18-30,Male,Junior high school,Employee,1-2yr,Pick up upto 10Q,Owner,2-5yrs,No defect,Other,Double carriageway (median),Tangent road with mild grade and flat terrain,Y Shape,Asphalt roads with some distress,Dry,Daylight,Normal,Vehicle with vehicle collision,2,1.0,Reversing,Pedestrian,Male,18-30,3,Overloading,Slight Injury,8,Morning,0,Medium,Low
Friday,31-50,Male,Writing & reading,Employee,Below 1yr,Motorcycle,Owner,Unknown,No defect,Other,Two-way (divided with broken lines road marking),Tangent road with flat terrain,Y Shape,Asphalt roads,Dry,Daylight,Normal,Rollover,2,1.0,Other,na,na,na,na,Changing lane to the right,Slight Injury,8,Morning,0,Medium,Low
Thursday,18-30,Male,Elementary school,Employee,1-2yr,Automobile,Owner,2-5yrs,Unkown, Church areas,Two-way (divided with broken lines road marking),Tangent road with flat terrain,Crossing,Asphalt roads,Dry,Darkness - no lighting,Normal,Rollover,2,1.0,Turnover,Driver or rider,Male,31-50,3,Improper parking,Slight Injury,20,Evening,0,Medium,Low
Thursday,18-30,Male,Junior high school,Employee,5-10yr,Pick up upto 10Q,Owner,5-10yrs,Unkown,Other,Undivided Two way,Tangent road with flat terrain,Crossing,Asphalt roads,Dry,Darkness - no lighting,Normal,Collision with pedestrians,2,1.0,Going straight,Passenger,Female,31-50,3,Other,Slight Injury,20,Evening,0,Medium,Low
Thursday,18-30,Male,Junior high school,Employee,1-2yr,Motorcycle,Organization,2-5yrs,Unkown, Industrial areas,Two-way (divided with broken lines road marking),Tangent road with flat terrain,Y Shape,Asphalt roads,Dry,Daylight,Normal,Vehicle with vehicle collision,2,1.0,Going straight,Passenger,Male,Over 51,3,Changing lane to the left,Slight Injury,17,Evening,0,Medium,Low
Thursday,18-30,Male,Elementary school,Owner,5-10yr,Stationwagen,Owner,Unknown,No defect,Residential areas,Double carriageway (median),Tangent road with flat terrain,No junction,Gravel roads,Dry,Darkness - lights lit,Normal,Vehicle with vehicle collision,2,1.0,Going straight,Pedestrian,Male,31-50,3,Changing lane to the right,Slight Injury,21,Night,0,Medium,Low
Thursday,31-50,Male,Junior high school,Employee,2-5yr,Lorry (41?100Q),Governmental,Above 10yr,No defect,Other,Two-way (divided with broken lines road marking),Tangent road with flat terrain,No junction,Asphalt roads,Dry,Darkness - lights lit,Normal,Vehicle with vehicle collision,2,1.0,Going straight,na,na,na,na,No priority to pedestrian,Slight Injury,21,Night,0,Medium,Low
Wednesday,18-30,Male,Junior high school,Owner,Below 1yr,Taxi,Owner,Unknown,No defect,Office areas,Two-way (divided with broken lines road marking),Tangent road with flat terrain,Crossing,Asphalt roads,Dry,Darkness - lights lit,Normal,Collision with pedestrians,2,1.0,Going straight,Driver or rider,Female,Over 51,3,Overspeed,Slight Injury,22,Night,0,Medium,Low
Wednesday,31-50,Male,Writing & reading,Employee,5-10yr,Automobile,Owner,Unknown,No defect, Industrial areas,Unknown,Tangent road with flat terrain,Crossing,Asphalt roads,Dry,Darkness - lights lit,Normal,Collision with pedestrians,2,1.0,Going straight,Driver or rider,Male,31-50,3,Changing lane to the left,Slight Injury,22,Night,0,Medium,Low
Wednesday,31-50,Male,Writing & reading,Employee,5-10yr,Long lorry,Owner,1-2yr,No defect, Industrial areas,Double carriageway (median),Tangent road with flat terrain,Crossing,Asphalt roads,Dry,Daylight,Normal,Vehicle with vehicle collision,2,1.0,Going straight,na,na,na,na,No priority to vehicle,Slight Injury,8,Morning,0,Medium,Low
Wednesday,18-30,Male,Junior high school,Employee,5-10yr,Automobile,Owner,Unknown,No defect,Other,Two-way (divided with broken lines road marking),Tangent road with flat terrain,Crossing,Asphalt roads,Dry,Daylight,Normal,Vehicle with vehicle collision,2,1.0,Going straight,na,na,na,na,Changing lane to the right,Slight Injury,8,Morning,0,Medium,Low
Wednesday,31-50,Male,Junior high school,Employee,2-5yr,Public (12 seats),Organization,Above 10yr,Unkown, Hospital areas,Two-way (divided with broken lines road marking),Tangent road with flat terrain,Crossing,Asphalt roads,Dry,Daylight,Normal,Vehicle with vehicle collision,2,1.0,Going straight,Driver or rider,Male,18-30,2,No distancing,Slight Injury,8,Morning,0,Medium,Low
Wednesday,31-50,Male,Junior high school,Employee,Above 10yr,Lorry (11?40Q),Owner,Unknown,Unkown,Office areas,One way,Tangent road with flat terrain,Crossing,Asphalt roads,Dry,Daylight,Normal,Collision with roadside objects,2,1.0,Other,Driver or rider,Male,18-30,2,No priority to pedestrian,Slight Injury,8,Morning,0,Medium,Low
Wednesday,31-50,Male,Junior high school,Employee,5-10yr,Pick up upto 10Q,Owner,2-5yrs,No defect, Church areas,Undivided Two way,Tangent road with flat terrain,Crossing,Asphalt roads,Dry,Daylight,Normal,Vehicle with vehicle collision,2,1.0,Going straight,na,na,na,na,No distancing,Slight Injury,8,Morning,0,Medium,Low
Monday,31-50,Male,Junior high school,Employee,Above 10yr,Lorry (41?100Q),Organization,5-10yrs,No defect, Hospital areas,Undivided Two way,Tangent road with mountainous terrain and,Crossing,Asphalt roads,Wet or damp,Daylight,Raining,Collision with roadside objects,2,1.0,Going straight,na,na,na,na,No priority to vehicle,Slight Injury,15,Afternoon,1,Medium,Low
Monday,Under 18,Male,Junior high school,Employee,2-5yr,Other,Owner,Above 10yr,No defect,Office areas,other,Tangent road with flat terrain,Crossing,Asphalt roads,Wet or damp,Daylight,Raining,Vehicle with vehicle collision,2,1.0,Moving Backward,Driver or rider,Male,31-50,3,Other,Slight Injury,15,Afternoon,1,Medium,Low
Wednesday,31-50,Male,Junior high school,Employee,Below 1yr,Automobile,Owner,2-5yrs,No defect,Other,Two-way (divided with broken lines road marking),Escarpments,No junction,Asphalt roads,Dry,Daylight,Normal,Vehicle with vehicle collision,2,3.0,Going straight,na,na,na,na,Driving carelessly,Slight Injury,14,Afternoon,0,Medium,Medium
Wednesday,18-30,Male,Junior high school,Employee,Below 1yr,Long lorry,Owner,1-2yr,Unkown,Office areas,Undivided Two way,Tangent road with flat terrain,No junction,Asphalt roads,Dry,Daylight,Normal,Collision with roadside objects,2,3.0,Moving Backward,Driver or rider,Male,18-30,3,Changing lane to the left,Slight Injury,14,Afternoon,0,Medium,Medium
Wednesday,18-30,Male,Junior high school,Owner,5-10yr,Lorry (11?40Q),Owner,2-5yrs,Unkown,Office areas,Two-way (divided with broken lines road marking),Tangent road with mountainous terrain and,No junction,Asphalt roads,Dry,Daylight,Normal,Vehicle with vehicle collision,2,3.0,Other,na,na,na,na,Driving carelessly,Slight Injury,14,Afternoon,0,Medium,Medium
Wednesday,18-30,Male,Junior high school,Employee,2-5yr,Long lorry,Owner,Unknown,No defect,Other,Double carriageway (median),Steep grade downward with mountainous terrain,No junction,Earth roads,Dry,Daylight,Normal,Vehicle with vehicle collision,2,3.0,Going straight,Driver or rider,Female,18-30,3,Changing lane to the left,Slight Injury,14,Afternoon,0,Medium,Medium
Saturday,31-50,Male,Elementary school,Employee,Below 1yr,Automobile,Owner,1-2yr,No defect,Office areas,Undivided Two way,Tangent road with mild grade and flat terrain,Y Shape,Asphalt roads,Dry,Daylight,Normal,Collision with roadside objects,2,1.0,Reversing,Pedestrian,Male,Under 18,3,No priority to vehicle,Slight Injury,11,Morning,0,Medium,Low
Saturday,31-50,Male,Junior high school,Employee,2-5yr,Taxi,Owner,Unknown,No defect,Residential areas,Undivided Two way,Tangent road with flat terrain,Y Shape,Asphalt roads,Dry,Daylight,Normal,Collision with roadside objects,2,1.0,Going straight,na,na,na,na,No distancing,Slight Injury,11,Morning,0,Medium,Low
Thursday,31-50,Male,Junior high school,Employee,5-10yr,Taxi,Owner,Unknown,Unkown,Other,Two-way (divided with broken lines road marking),Tangent road with flat terrain,Y Shape,Asphalt roads,Dry,Daylight,Normal,Vehicle with vehicle collision,2,1.0,Other,Driver or rider,Male,18-30,3,Changing lane to the right,Slight Injury,17,Evening,0,Medium,Low
Wednesday,31-50,Male,High school,Employee,Above 10yr,Long lorry,Owner,2-5yrs,Unkown,Office areas,Double carriageway (median),Tangent road with flat terrain,Crossing,Asphalt roads,Dry,Daylight,Normal,Vehicle with vehicle collision,2,1.0,Other,Passenger,Female,18-30,3,Changing lane to the right,Slight Injury,13,Afternoon,0,Medium,Low
Wednesday,31-50,Male,High school,Employee,Above 10yr,Lorry (11?40Q),Owner,5-10yrs,Unkown,Office areas,Undivided Two way,Tangent road with mountainous terrain and,Crossing,Earth roads,Dry,Daylight,Normal,Vehicle with vehicle collision,2,1.0,Other,Passenger,Male,31-50,3,Driving at high speed,Slight Injury,13,Afternoon,0,Medium,Low
Sunday,18-30,Male,Junior high school,Employee,5-10yr,Lorry (11?40Q),Company,Unknown,Unkown,Office areas,other,Tangent road with flat terrain,No junction,Asphalt roads,Dry,Daylight,Normal,Vehicle with vehicle collision,2,1.0,Stopping,Driver or rider,Male,31-50,3,No distancing,Serious Injury,7,Morning,0,Medium,Low
Wednesday,Unknown,Female,Elementary school,Employee,1-2yr,Long lorry,Owner,5-10yrs,No defect,Other,Two-way (divided with broken lines road marking),Tangent road with mild grade and flat terrain,No junction,Asphalt roads,Dry,Daylight,Normal,Vehicle with vehicle collision,2,2.0,Other,na,na,na,na,Changing lane to the right,Slight Injury,16,Afternoon,0,Medium,Low
Wednesday,18-30,Male,Elementary school,Employee,5-10yr,Turbo,Owner,Unknown,No defect, Church areas,Undivided Two way,Tangent road with flat terrain,No junction,Earth roads,Dry,Daylight,Normal,Vehicle with vehicle collision,2,2.0,Other,Driver or rider,Male,31-50,3,Changing lane to the left,Slight Injury,16,Afternoon,0,Medium,Low
Wednesday,18-30,Male,Junior high school,Employee,5-10yr,Long lorry,Owner,Unknown,No defect, Industrial areas,Undivided Two way,Tangent road with flat terrain,No junction,Asphalt roads,Dry,Daylight,Normal,Vehicle with vehicle collision,2,2.0,Other,na,na,na,na,Getting off the vehicle improperly,Slight Injury,16,Afternoon,0,Medium,Low
Saturday,Under 18,Male,Junior high school,Employee,1-2yr,Long lorry,Owner,1-2yr,No defect,Office areas,Double carriageway (median),Tangent road with flat terrain,Crossing,Asphalt roads,Dry,Daylight,Normal,Vehicle with vehicle collision,2,1.0,Going straight,na,na,na,na,Other,Slight Injury,15,Afternoon,0,Medium,Low
Saturday,18-30,Male,Junior high school,Owner,5-10yr,Public (13?45 seats),Owner,Unknown,No defect, Church areas,Undivided Two way,Tangent road with flat terrain,Crossing,Asphalt roads,Dry,Daylight,Normal,Vehicle with vehicle collision,2,1.0,Going straight,Driver or rider,Female,18-30,3,Other,Slight Injury,15,Afternoon,0,Medium,Low
Friday,Unknown,Female,High school,Owner,Above 10yr,Automobile,Owner,Unknown,Unkown,Office areas,Undivided Two way,Tangent road with flat terrain,No junction,Asphalt roads,Dry,Daylight,Normal,Vehicle with vehicle collision,2,1.0,Going straight,Driver or rider,Male,31-50,3,No distancing,Slight Injury,15,Afternoon,0,Medium,Low