Day_of_week,Age_band_of_driver,Sex_of_driver,Educational_level,Vehicle_driver_relation,Driving_experience,Type_of_vehicle,Owner_of_vehicle,Service_year_of_vehicle,Defect_of_vehicle,Area_accident_occured,Lanes_or_Medians,Road_allignment,Types_of_Junction,Road_surface_type,Road_surface_conditions,Light_conditions,Weather_conditions,Type_of_collision,Number_of_vehicles_involved,Number_of_casualties,Vehicle_movement,Casualty_class,Sex_of_casualty,Age_band_of_casualty,Casualty_severity,Cause_of_accident,Accident_severity,Accident_Hour,Time_Period,High_Risk_Weather,Vehicles_Category,Casualties_Category
Sunday,Under 18,Male,Elementary school,Employee,2-5yr,Automobile,Owner,Unknown,Unkown,Other,Double carriageway (median),Tangent road with flat terrain,No junction,Asphalt roads,Dry,Darkness - lights lit,Normal,Vehicle with vehicle collision,2,1.0,Going straight,Passenger,Male,18-30,3,No priority to vehicle,Slight Injury,22,Night,0,Medium,Low
Sunday,31-50,Male,Elementary school,Employee,2-5yr,Public (12 seats),Governmental,Unknown,Unkown,Other,Two-way (divided with broken lines road marking),Tangent road with flat terrain,No junction,Asphalt roads,Dry,Darkness - lights lit,Normal,Vehicle with vehicle collision,2,1.0,Going straight,na,na,na,na,Changing lane to the right,Slight Injury,22,Night,0,Medium,Low
Thursday,Under 18,Male,Junior high school,Employee,5-10yr,Automobile,Owner,Unknown,Unkown,Office areas,Two-way (divided with broken lines road marking),Tangent road with flat terrain,Crossing,Asphalt roads,Dry,Daylight,Normal,Vehicle with vehicle collision,2,1.0,Going straight,Driver or rider,Male,31-50,3,Changing lane to the right,Slight Injury,17,Evening,0,Medium,Low
Thursday,31-50,Male,Junior high school,Employee,1-2yr,Public (> 45 seats),Owner,Unknown,Unkown,Office areas,Two-way (divided with broken lines road marking),Tangent road with flat terrain,Crossing,Asphalt roads,Dry,Daylight,Normal,Vehicle with vehicle collision,2,1.0,Going straight,na,na,na,na,No distancing,Slight Injury,17,Evening,0,Medium,Low
Wednesday,Over 51,Male,Junior high school,Employee,5-10yr,Lorry (41?100Q),Owner,Unknown,Unkown,Office areas,Two-way (divided with broken lines road marking),Tangent road with flat terrain,Y Shape,Asphalt roads,Dry,Daylight,Normal,Collision with pedestrians,2,2.0,Going straight,Driver or rider,Male,31-50,3,No distancing,Slight Injury,11,Morning,0,Medium,Low
Wednesday,31-50,Male,Junior high school,Employee,5-10yr,Public (> 45 seats),Governmental,Unknown,No defect,Office areas,Two-way (divided with broken lines road marking),Tangent road with flat terrain,Y Shape,Asphalt roads,Dry,Daylight,Normal,Vehicle with vehicle collision,2,2.0,Getting off,Pedestrian,Male,18-30,2,Changing lane to the left,Slight Injury,11,Morning,0,Medium,Low
Wednesday,Unknown,Female,Above high school,Employee,5-10yr,Automobile,Owner,2-5yrs,Unkown, Church areas,Undivided Two way,Tangent road with flat terrain,No junction,Asphalt roads,Dry,Daylight,Normal,Collision with roadside objects,2,1.0,Going straight,Pedestrian,Male,18-30,3,Changing lane to the right,Slight Injury,15,Afternoon,0,Medium,Low
Sunday,31-50,Male,Junior high school,Employee,Above 10yr,Automobile,Governmental,Unknown,Unkown,Office areas,Two-way (divided with broken lines road marking),Tangent road with flat terrain,No junction,Asphalt roads,Wet or damp,Daylight,Raining,Vehicle with vehicle collision,2,3.5,Going straight,Pedestrian,Male,18-30,3,No priority to vehicle,Slight Injury,18,Evening,1,Medium,Medium
Sunday,31-50,Male,Elementary school,Employee,2-5yr,Automobile,Governmental,Unknown,Unkown,Residential areas,Two-way (divided with broken lines road marking),Tangent road with flat terrain,No junction,Asphalt roads,Wet or damp,Daylight,Raining,Vehicle with vehicle collision,2,3.5,Other,Driver or rider,Male,31-50,3,Changing lane to the left,Slight Injury,18,Evening,1,Medium,Medium
Sunday,31-50,Male,Junior high school,Employee,5-10yr,Automobile,Owner,Unknown,Unkown,School areas,Two-way (divided with broken lines road marking),Tangent road with flat terrain,No junction,Asphalt roads,Wet or damp,Daylight,Raining,Vehicle with vehicle collision,2,3.5,Going straight,na,na,na,na,No priority to vehicle,Slight Injury,18,Evening,1,Medium,Medium
Sunday,31-50,Male,Junior high school,Employee,5-10yr,Lorry (41?100Q),Owner,Unknown,Unkown,Office areas,Undivided Two way,Tangent road with flat terrain,No junction,Asphalt roads,Wet or damp,Daylight,Raining,Vehicle with vehicle collision,2,3.5,Going straight,Driver or rider,Male,18-30,2,Moving Backward,Slight Injury,18,Evening,1,Medium,Medium
Sunday,31-50,Male,Junior high school,Employee,5-10yr,Automobile,Owner,5-10yrs,Unkown,Other,Undivided Two way,Tangent road with flat terrain,No junction,Asphalt roads,Wet or damp,Daylight,Raining,Vehicle with vehicle collision,2,3.5,Going straight,na,na,na,na,Turnover,Slight Injury,18,Evening,1,Medium,Medium
Sunday,Over 51,Male,Junior high school,Employee,5-10yr,Public (13?45 seats),Owner,Unknown,Unkown,Other,Double carriageway (median),Tangent road with flat terrain,Y Shape,Asphalt roads,Wet or damp,Daylight,Raining,Vehicle with vehicle collision,2,2.0,Going straight,na,na,na,na,No distancing,Slight Injury,14,Afternoon,1,Medium,Low
Sunday,Over 51,Male,Junior high school,Employee,5-10yr,Automobile,Governmental,Unknown,No defect,Other,Double carriageway (median),Tangent road with flat terrain,Y Shape,Asphalt roads,Wet or damp,Daylight,Raining,Vehicle with vehicle collision,2,2.0,Going straight,Driver or rider,Male,18-30,3,No distancing,Slight Injury,14,Afternoon,1,Medium,Low
Sunday,Over 51,Male,Junior high school,Employee,1-2yr,Public (> 45 seats),Owner,5-10yrs,No defect,Other,Two-way (divided with broken lines road marking),Tangent road with flat terrain,Y Shape,Asphalt roads,Wet or damp,Daylight,Raining,Vehicle with vehicle collision,2,2.0,Reversing,Pedestrian,Female,Under 18,3,No distancing,Slight Injury,14,Afternoon,1,Medium,Low
Friday,18-30,Male,Above high school,Owner,5-10yr,Lorry (41?100Q),Owner,Unknown,No defect,Office areas,Double carriageway (median),Tangent road with mild grade and flat terrain,Y Shape,Asphalt roads,Dry,Daylight,Normal,Vehicle with vehicle collision,2,1.0,Other,Pedestrian,Female,Under 18,3,Changing lane to the left,Slight Injury,18,Evening,0,Medium,Low
Thursday,18-30,Male,Junior high school,Employee,2-5yr,Automobile,Owner,Unknown,Unkown,Office areas,Two-way (divided with broken lines road marking),Tangent road with flat terrain,Y Shape,Asphalt roads,Dry,Daylight,Normal,Collision with roadside objects,2,1.0,Going straight,na,na,na,na,No priority to vehicle,Slight Injury,10,Morning,0,Medium,Low
Thursday,18-30,Male,Junior high school,Owner,5-10yr,Lorry (11?40Q),Owner,Unknown,Unkown,Office areas,Two-way (divided with broken lines road marking),Tangent road with mild grade and flat terrain,Y Shape,Asphalt roads,Dry,Daylight,Normal,Vehicle with vehicle collision,2,1.0,Going straight,Driver or rider,Male,5,3,Driving at high speed,Slight Injury,10,Morning,0,Medium,Low
Thursday,Over 51,Male,High school,Employee,2-5yr,Public (13?45 seats),Owner,Unknown,Unkown,Office areas,Two-way (divided with broken lines road marking),Tangent road with mild grade and flat terrain,No junction,Asphalt roads,Wet or damp,Daylight,Normal,Collision with roadside objects,2,1.0,Going straight,Driver or rider,Male,Under 18,3,Overtaking,Serious Injury,6,Morning,0,Medium,Low
Thursday,18-30,Male,Junior high school,Employee,Above 10yr,Public (13?45 seats),Owner,Unknown,Unkown,Office areas,One way,Tangent road with flat terrain,No junction,Asphalt roads,Wet or damp,Daylight,Normal,Vehicle with vehicle collision,2,1.0,Going straight,na,na,na,na,Other,Serious Injury,6,Morning,0,Medium,Low
Saturday,18-30,Male,Junior high school,Employee,Below 1yr,Automobile,Company,Unknown,Unkown,Office areas,Two-way (divided with broken lines road marking),Tangent road with flat terrain,Crossing,Asphalt roads,Wet or damp,Daylight,Normal,Vehicle with vehicle collision,2,1.0,Going straight,Driver or rider,Male,18-30,3,Changing lane to the left,Slight Injury,16,Afternoon,0,Medium,Low
Saturday,18-30,Male,Junior high school,Employee,Below 1yr,Long lorry,Owner,Unknown,Unkown,Office areas,Two-way (divided with broken lines road marking),Tangent road with flat terrain,Crossing,Asphalt roads,Wet or damp,Daylight,Normal,Vehicle with vehicle collision,2,1.0,Going straight,na,na,na,na,No priority to pedestrian,Slight Injury,16,Afternoon,0,Medium,Low
Monday,Under 18,Male,Junior high school,Owner,5-10yr,Lorry (41?100Q),Owner,5-10yrs,Unkown,Other,Undivided Two way,Tangent road with flat terrain,Y Shape,Asphalt roads,Dry,Daylight,Normal,Collision with pedestrians,2,1.0,Going straight,Pedestrian,Female,Over 51,3,Changing lane to the left,Slight Injury,16,Afternoon,0,Medium,Low
Monday,31-50,Male,Junior high school,Employee,2-5yr,Lorry (11?40Q),Owner,Unknown,No defect,Other,Two-way (divided with broken lines road marking),Tangent road with flat terrain,Y Shape,Asphalt roads,Dry,Daylight,Normal,Vehicle with vehicle collision,2,1.0,Going straight,Pedestrian,Female,31-50,2,No distancing,Slight Injury,16,Afternoon,0,Medium,Low
Wednesday,18-30,Male,Junior high school,Employee,5-10yr,Lorry (41?100Q),Company,2-5yrs,No defect,Residential areas,Two-way (divided with broken lines road marking),Tangent road with flat terrain,Y Shape,Asphalt roads,Dry,Daylight,Normal,Vehicle with vehicle collision,2,1.0,Going straight,na,na,na,na,Moving Backward,Slight Injury,16,Afternoon,0,Medium,Low
Wednesday,31-50,Male,Elementary school,Employee,No Licence,Public (12 seats),Owner,Unknown,No defect,Other,Two-way (divided with broken lines road marking),Tangent road with flat terrain,Y Shape,Asphalt roads,Dry,Daylight,Normal,Vehicle with vehicle collision,2,1.0,Moving Backward,Driver or rider,Male,18-30,3,Changing lane to the left,Slight Injury,16,Afternoon,0,Medium,Low
Monday,Unknown,Female,Junior high school,Employee,Above 10yr,Automobile,Owner,5-10yrs,No defect,Other,Two-way (divided with broken lines road marking),Tangent road with flat terrain,No junction,Asphalt roads,Dry,Darkness - lights lit,Normal,Collision with pedestrians,2,1.0,Moving Backward,Driver or rider,Male,31-50,3,Other,Serious Injury,23,Night,0,Medium,Low
Tuesday,31-50,Male,Junior high school,Owner,Above 10yr,Taxi,Governmental,Unknown,No defect,Other,Two-way (divided with broken lines road marking),Tangent road with flat terrain,No junction,Asphalt roads,Dry,Daylight,Normal,Collision with roadside objects,2,1.0,Turnover,na,na,na,na,No distancing,Slight Injury,15,Afternoon,0,Medium,Low
Thursday,Unknown,Female,Junior high school,Employee,Above 10yr,Automobile,Owner,5-10yrs,Unkown,Other,Undivided Two way,Tangent road with flat terrain,Crossing,Asphalt roads,Dry,Daylight,Normal,Vehicle with vehicle collision,2,1.0,Other,Driver or rider,Male,18-30,3,Moving Backward,Slight Injury,15,Afternoon,0,Medium,Low
Thursday,Over 51,Male,Junior high school,Employee,Above 10yr,Automobile,Owner,Unknown,Unkown, Industrial areas,Undivided Two way,Tangent road with flat terrain,Crossing,Asphalt roads with some distress,Dry,Daylight,Normal,Vehicle with vehicle collision,2,1.0,Other,na,na,na,na,No distancing,Slight Injury,15,Afternoon,0,Medium,Low
Tuesday,18-30,Male,Junior high school,Owner,5-10yr,Automobile,Owner,5-10yrs,Unkown, Industrial areas,Undivided Two way,Tangent road with flat terrain,Y Shape,Asphalt roads,Dry,Daylight,Normal,Vehicle with vehicle collision,2,1.0,Going straight,Driver or rider,Male,Over 51,3,Changing lane to the left,Serious Injury,14,Afternoon,0,Medium,Low
Saturday,18-30,Male,Junior high school,Employee,Below 1yr,Lorry (41?100Q),Owner,Unknown,No defect, Church areas,Double carriageway (median),Tangent road with flat terrain,Crossing,Asphalt roads,Dry,Daylight,Normal,Vehicle with vehicle collision,2,1.0,Going straight,Passenger,Female,Under 18,3,Changing lane to the left,Serious Injury,13,Afternoon,0,Medium,Low
Saturday,31-50,Male,Junior high school,Employee,2-5yr,Automobile,Owner,Unknown,No defect,Other,Undivided Two way,Tangent road with flat terrain,Crossing,Asphalt roads,Dry,Daylight,Normal,Vehicle with vehicle collision,2,1.0,Other,Passenger,Female,Under 18,3,No priority to pedestrian,Serious Injury,13,Afternoon,0,Medium,Low
Wednesday,Under 18,Male,Junior high school,Employee,5-10yr,Automobile,Owner,Above 10yr,Unkown,Other,Undivided Two way,Tangent road with flat terrain,Y Shape,Asphalt roads,Dry,Daylight,Normal,Vehicle with vehicle collision,2,1.0,Other,Passenger,Male,Under 18,3,Changing lane to the left,Slight Injury,13,Afternoon,0,Medium,Low
Wednesday,Unknown,Female,Above high school,Employee,1-2yr,Lorry (41?100Q),Owner,Unknown,No defect,Office areas,Undivided Two way,Tangent road with flat terrain,Y Shape,Gravel roads,Dry,Daylight,Normal,Vehicle with vehicle collision,2,1.0,Going straight,Passenger,Female,31-50,3,Driving carelessly,Slight Injury,13,Afternoon,0,Medium,Low
Tuesday,Over 51,Male,Junior high school,Employee,1-2yr,Automobile,Owner,Unknown,No defect,Office areas,Undivided Two way,Tangent road with flat terrain,Y Shape,Asphalt roads,Dry,Daylight,Normal,Collision with roadside objects,2,3.0,Reversing,Driver or rider,Female,18-30,3,Driving carelessly,Slight Injury,14,Afternoon,0,Medium,Medium
Tuesday,31-50,Male,Junior high school,Employee,1-2yr,Automobile,Governmental,Below 1yr,Unkown,Residential areas,Two-way (divided with broken lines road marking),Tangent road with flat terrain,Y Shape,Asphalt roads,Dry,Daylight,Normal,Collision with roadside objects,2,3.0,Other,na,na,na,na,No priority to pedestrian,Slight Injury,14,Afternoon,0,Medium,Medium
Tuesday,31-50,Male,Unknown,Employee,5-10yr,Automobile,Owner,Unknown,No defect, Industrial areas,Undivided Two way,Tangent road with flat terrain,Y Shape,Asphalt roads,Dry,Daylight,Normal,Vehicle with vehicle collision,2,3.0,Turnover,Driver or rider,Female,18-30,3,Getting off the vehicle improperly,Slight Injury,14,Afternoon,0,Medium,Medium
Tuesday,31-50,Male,Junior high school,Employee,Above 10yr,Taxi,Owner,Unknown,No defect,Office areas,Undivided Two way,Tangent road with flat terrain,Y Shape,Asphalt roads,Dry,Daylight,Normal,Vehicle with vehicle collision,2,3.0,Going straight,Driver or rider,Male,Over 51,3,No distancing,Slight Injury,14,Afternoon,0,Medium,Medium
Tuesday,18-30,Male,Junior high school,Employee,Above 10yr,Automobile,Owner,Unknown,No defect,Other,Undivided Two way,Tangent road with flat terrain,No junction,Asphalt roads,Dry,Daylight,Normal,Vehicle with vehicle collision,2,3.0,Going straight,Driver or rider,Male,18-30,3,Changing lane to the left,Slight Injury,15,Afternoon,0,Medium,Medium
Tuesday,18-30,Male,Junior high school,Employee,5-10yr,Automobile,Owner,Unknown,Unkown,Other,Two-way (divided with broken lines road marking),Tangent road with flat terrain,No junction,Asphalt roads,Dry,Daylight,Normal,Vehicle with vehicle collision,2,3.0,Going straight,Driver or rider,Female,18-30,3,No priority to vehicle,Slight Injury,15,Afternoon,0,Medium,Medium
Tuesday,31-50,Male,Junior high school,Employee,2-5yr,Automobile,Owner,Unknown,No defect,Residential areas,Undivided Two way,Tangent road with flat terrain,No junction,Asphalt roads,Dry,Daylight,Normal,Vehicle with vehicle collision,2,3.0,Going straight,na,na,na,na,No distancing,Slight Injury,15,Afternoon,0,Medium,Medium
Tuesday,Over 51,Male,Junior high school,Employee,Below 1yr,Pick up upto 10Q,Owner,Unknown,Unkown,Office areas,Two-way (divided with broken lines road marking),Tangent road with flat terrain,No junction,Asphalt roads,Dry,Daylight,Normal,Rollover,2,3.0,Going straight,na,na,na,na,No priority to pedestrian,Slight Injury,15,Afternoon,0,Medium,Medium
Saturday,18-30,Male,Junior high school,Employee,1-2yr,Automobile,Organization,Unknown,Unkown,Residential areas,other,Tangent road with flat terrain,No junction,Asphalt roads,Dry,Darkness - lights lit,Normal,Vehicle with vehicle collision,2,2.0,Going straight,Driver or rider,Male,31-50,3,No priority to pedestrian,Slight Injury,20,Evening,0,Medium,Low
Saturday,18-30,Male,Junior high school,Employee,5-10yr,Automobile,Owner,Unknown,Unkown,Office areas,Two-way (divided with broken lines road marking),Tangent road with flat terrain,No junction,Asphalt roads,Dry,Darkness - lights lit,Normal,Collision with roadside objects,2,2.0,Going straight,na,na,na,na,No priority to vehicle,Slight Injury,20,Evening,0,Medium,Low
Saturday,18-30,Male,Junior high school,Employee,Below 1yr,Public (12 seats),Company,Unknown,Unkown, Church areas,Two-way (divided with broken lines road marking),Tangent road with flat terrain,No junction,Asphalt roads,Dry,Darkness - lights lit,Normal,Collision with pedestrians,2,2.0,Going straight,Driver or rider,Female,31-50,3,Driving carelessly,Slight Injury,20,Evening,0,Medium,Low
Saturday,18-30,Male,Elementary school,Employee,5-10yr,Public (13?45 seats),Organization,5-10yrs,Unkown,Residential areas,Two-way (divided with broken lines road marking),Tangent road with flat terrain,No junction,Asphalt roads,Dry,Darkness - lights lit,Normal,Vehicle with vehicle collision,2,2.0,Going straight,Driver or rider,Male,Under 18,2,Changing lane to the right,Slight Injury,20,Evening,0,Medium,Low
Saturday,18-30,Male,Junior high school,Employee,2-5yr,Lorry (11?40Q),Owner,Above 10yr,Unkown,School areas,other,Tangent road with flat terrain,No junction,Asphalt roads,Dry,Darkness - lights lit,Normal,Vehicle with vehicle collision,2,2.0,Other,na,na,na,na,Changing lane to the left,Slight Injury,20,Evening,0,Medium,Low
Saturday,18-30,Male,Junior high school,Employee,5-10yr,Stationwagen,Owner,5-10yrs,Unkown, Hospital areas,other,Steep grade downward with mountainous terrain,No junction,Earth roads,Dry,Darkness - lights lit,Normal,Vehicle with vehicle collision,2,2.0,Going straight,na,na,na,na,Moving Backward,Slight Injury,20,Evening,0,Medium,Low
Monday,18-30,Male,Elementary school,Employee,5-10yr,Ridden horse,Owner,2-5yrs,Unkown,Other,Undivided Two way,Tangent road with flat terrain,Y Shape,Asphalt roads,Dry,Daylight,Normal,Vehicle with vehicle collision,2,2.0,Going straight,Driver or rider,Female,Over 51,3,Driving carelessly,Slight Injury,8,Morning,0,Medium,Low
Monday,31-50,Male,Junior high school,Employee,Above 10yr,Stationwagen,Owner,Unknown,Unkown,School areas,Double carriageway (median),Tangent road with flat terrain,Y Shape,Asphalt roads,Dry,Daylight,Normal,Vehicle with vehicle collision,2,2.0,Moving Backward,Driver or rider,Male,18-30,3,Driving to the left,Slight Injury,8,Morning,0,Medium,Low
Monday,Over 51,Male,Junior high school,Employee,1-2yr,Automobile,Owner,Above 10yr,No defect,Other,other,Tangent road with flat terrain,Y Shape,Asphalt roads,Dry,Daylight,Normal,Vehicle with vehicle collision,2,2.0,Going straight,na,na,na,na,Driving to the left,Slight Injury,8,Morning,0,Medium,Low
Tuesday,Over 51,Male,High school,Employee,Below 1yr,Automobile,Owner,5-10yrs,Unkown, Industrial areas,Undivided Two way,Tangent road with flat terrain,Y Shape,Asphalt roads,Dry,Daylight,Normal,Vehicle with vehicle collision,2,1.0,Moving Backward,na,na,na,na,No priority to pedestrian,Serious Injury,9,Morning,0,Medium,Low
Tuesday,Over 51,Male,Elementary school,Employee,Above 10yr,Other,Owner,Unknown,No defect, Church areas,Two-way (divided with broken lines road marking),Tangent road with flat terrain,Y Shape,Earth roads,Dry,Daylight,Normal,Collision with roadside objects,2,1.0,Other,Driver or rider,Male,18-30,3,Changing lane to the left,Serious Injury,9,Morning,0,Medium,Low
Sunday,Under 18,Male,High school,Owner,1-2yr,Taxi,Owner,Unknown,No defect,Office areas,Two-way (divided with broken lines road marking),Tangent road with flat terrain,No junction,Asphalt roads,Dry,Daylight,Normal,Rollover,2,3.5,Going straight,na,na,na,na,Changing lane to the right,Slight Injury,13,Afternoon,0,Medium,Medium
Sunday,Under 18,Male,Junior high school,Employee,2-5yr,Automobile,Owner,Unknown,No defect,Other,Two-way (divided with broken lines road marking),Tangent road with flat terrain,No junction,Asphalt roads,Dry,Daylight,Normal,Vehicle with vehicle collision,2,3.5,Reversing,Driver or rider,Male,31-50,3,Driving carelessly,Slight Injury,13,Afternoon,0,Medium,Medium
Sunday,Under 18,Male,Junior high school,Employee,5-10yr,Stationwagen,Owner,Unknown,No defect,Office areas,Double carriageway (median),Tangent road with flat terrain,No junction,Earth roads,Dry,Daylight,Normal,Collision with pedestrians,2,3.5,Going straight,Pedestrian,Male,18-30,3,No distancing,Slight Injury,13,Afternoon,0,Medium,Medium
Sunday,31-50,Male,High school,Owner,2-5yr,Automobile,Owner,Unknown,No defect,Office areas,Double carriageway (median),Tangent road with flat terrain,No junction,Asphalt roads,Dry,Daylight,Normal,Vehicle with vehicle collision,2,3.5,Other,Driver or rider,Male,Under 18,3,Getting off the vehicle improperly,Slight Injury,13,Afternoon,0,Medium,Medium
Tuesday,Unknown,Female,High school,Employee,Above 10yr,Public (12 seats),Governmental,Unknown,No defect,Office areas,Double carriageway (median),Tangent road with flat terrain,Crossing,Asphalt roads,Dry,Daylight,Normal,Vehicle with vehicle collision,2,2.0,Other,Driver or rider,Female,18-30,3,Driving under the influence of drugs,Slight Injury,13,Afternoon,0,Medium,Low
Tuesday,Over 51,Male,Junior high school,Employee,1-2yr,Automobile,Owner,Unknown,No defect,Residential areas,Double carriageway (median),Tangent road with flat terrain,Crossing,Asphalt roads,Dry,Daylight,Normal,Collision with pedestrians,2,2.0,Other,na,na,na,na,Changing lane to the right,Slight Injury,13,Afternoon,0,Medium,Low
Tuesday,Over 51,Male,Elementary school,Employee,1-2yr,Automobile,Owner,Unknown,No defect,Office areas,Double carriageway (median),Tangent road with flat terrain,Crossing,Asphalt roads,Dry,Daylight,Normal,Collision with pedestrians,2,2.0,Stopping,Driver or rider,Male,31-50,3,Driving carelessly,Slight Injury,13,Afternoon,0,Medium,Low
Tuesday,Over 51,Male,High school,Employee,1-2yr,Lorry (41?100Q),Owner,2-5yrs,Unkown,Other,Undivided Two way,Tangent road with flat terrain,Crossing,Asphalt roads,Dry,Daylight,Normal,Vehicle with vehicle collision,2,2.0,Other,na,na,na,na,Moving Backward,Slight Injury,13,Afternoon,0,Medium,Low
Tuesday,18-30,Male,Above high school,Employee,5-10yr,Automobile,Owner,2-5yrs,Unkown, Industrial areas,One way,Tangent road with flat terrain,Crossing,Asphalt roads,Dry,Daylight,Normal,Vehicle with vehicle collision,2,2.0,Other,na,na,na,na,Turnover,Slight Injury,13,Afternoon,0,Medium,Low
Tuesday,18-30,Male,Junior high school,Employee,5-10yr,Public (> 45 seats),Owner,Unknown,No defect,Other,One way,Tangent road with flat terrain,Crossing,Asphalt roads,Dry,Daylight,Normal,Vehicle with vehicle collision,2,1.0,Other,Driver or rider,Male,31-50,2,Changing lane to the right,Slight Injury,12,Afternoon,0,Medium,Low
Tuesday,18-30,Male,Junior high school,Employee,5-10yr,Automobile,Owner,Unknown,No defect,Office areas,Double carriageway (median),Tangent road with flat terrain,Crossing,Asphalt roads,Dry,Daylight,Normal,Vehicle with vehicle collision,2,1.0,Going straight,na,na,na,na,Driving carelessly,Slight Injury,12,Afternoon,0,Medium,Low
Wednesday,31-50,Male,Elementary school,Owner,5-10yr,Public (12 seats),Governmental,Unknown,Unkown,Office areas,Two-way (divided with broken lines road marking),Tangent road with flat terrain,Y Shape,Asphalt roads,Dry,Daylight,Normal,Vehicle with vehicle collision,2,1.0,Going straight,Driver or rider,Male,31-50,3,No priority to vehicle,Serious Injury,11,Morning,0,Medium,Low
Sunday,18-30,Male,Elementary school,Employee,5-10yr,Public (12 seats),Governmental,Unknown,No defect,Other,Double carriageway (median),Tangent road with flat terrain,Y Shape,Asphalt roads,Dry,Darkness - lights lit,Normal,Collision with roadside objects,2,1.0,Going straight,Driver or rider,Male,31-50,3,Moving Backward,Slight Injury,22,Night,0,Medium,Low
Sunday,18-30,Male,High school,Owner,5-10yr,Automobile,Owner,Unknown,Unkown,Other,Two-way (divided with broken lines road marking),Tangent road with flat terrain,Y Shape,Asphalt roads,Dry,Darkness - lights lit,Normal,Vehicle with vehicle collision,2,1.0,Going straight,na,na,na,na,Changing lane to the left,Slight Injury,22,Night,0,Medium,Low
Tuesday,18-30,Male,Junior high school,Employee,5-10yr,Automobile,Owner,Unknown,Unkown,Office areas,Double carriageway (median),Tangent road with flat terrain,Other,Asphalt roads,Dry,Daylight,Normal,Vehicle with vehicle collision,2,1.0,Going straight,Driver or rider,Male,18-30,3,Overturning,Slight Injury,10,Morning,0,Medium,Low
Tuesday,18-30,Male,Junior high school,Owner,1-2yr,Automobile,Owner,Unknown,No defect,Office areas,Two-way (divided with broken lines road marking),Tangent road with flat terrain,Other,Asphalt roads with some distress,Dry,Daylight,Normal,Vehicle with vehicle collision,2,1.0,Going straight,Driver or rider,Male,18-30,3,No distancing,Slight Injury,10,Morning,0,Medium,Low
Tuesday,Over 51,Male,Junior high school,Employee,2-5yr,Lorry (41?100Q),Owner,5-10yrs,Unkown,Office areas,Undivided Two way,Tangent road with flat terrain,Other,Asphalt roads,Dry,Daylight,Normal,Vehicle with vehicle collision,2,1.0,Going straight,Driver or rider,Female,18-30,3,Driving carelessly,Slight Injury,10,Morning,0,Medium,Low
Thursday,Over 51,Male,Junior high school,Owner,5-10yr,Public (12 seats),Owner,Unknown,Unkown,Other,Undivided Two way,Tangent road with flat terrain,No junction,Asphalt roads,Dry,Daylight,Normal,Vehicle with vehicle collision,2,2.0,Going straight,na,na,na,na,No distancing,Serious Injury,11,Morning,0,Medium,Low
Thursday,Over 51,Male,Junior high school,Owner,Above 10yr,Lorry (11?40Q),Owner,Unknown,No defect,Other,Undivided Two way,Tangent road with flat terrain,No junction,Asphalt roads,Dry,Daylight,Normal,Vehicle with vehicle collision,2,2.0,Going straight,Driver or rider,Male,31-50,3,Changing lane to the left,Serious Injury,11,Morning,0,Medium,Low
Friday,31-50,Male,High school,Employee,5-10yr,Automobile,Owner,Unknown,No defect,  Recreational areas,Undivided Two way,Tangent road with flat terrain,No junction,Asphalt roads,Dry,Darkness - lights lit,Normal,Vehicle with vehicle collision,2,1.0,Going straight,na,na,na,na,No priority to pedestrian,Fatal injury,2,Night,0,Medium,Low
Wednesday,31-50,Male,High school,Owner,2-5yr,Automobile,Owner,Unknown,No defect, Church areas,Undivided Two way,Tangent road with flat terrain,Crossing,Asphalt roads,Dry,Daylight,Normal,Vehicle with vehicle collision,2,2.0,Going straight,Pedestrian,Male,31-50,3,No distancing,Slight Injury,9,Morning,0,Medium,Low
Wednesday,31-50,Male,Junior high school,Employee,5-10yr,Automobile,Other,1-2yr,No defect,  Recreational areas,other,Tangent road with flat terrain,Crossing,Asphalt roads,Dry,Daylight,Normal,Vehicle with vehicle collision,2,2.0,Reversing,Driver or rider,Female,Over 51,3,No distancing,Slight Injury,9,Morning,0,Medium,Low
Monday,18-30,Male,Elementary school,Employee,2-5yr,Bajaj,Owner,5-10yrs,No defect,School areas,other,Tangent road with flat terrain,No junction,Asphalt roads,Dry,Daylight,Normal,Vehicle with vehicle collision,2,2.0,Going straight,na,na,na,na,Changing lane to the left,Slight Injury,17,Evening,0,Medium,Low
Monday,31-50,Male,Elementary school,Employee,5-10yr,Public (12 seats),Owner,Unknown,No defect, Church areas,Double carriageway (median),Tangent road with flat terrain,No junction,Asphalt roads,Dry,Daylight,Normal,Vehicle with vehicle collision,2,2.0,Other,Driver or rider,Female,18-30,3,No distancing,Slight Injury,17,Evening,0,Medium,Low
Monday,18-30,Male,Junior high school,Employee,1-2yr,Lorry (11?40Q),Owner,5-10yrs,Unkown,Office areas,Two-way (divided with broken lines road marking),Tangent road with flat terrain,No junction,Asphalt roads,Dry,Daylight,Normal,Vehicle with vehicle collision,2,2.0,Unknown,na,na,na,na,Changing lane to the left,Slight Injury,17,Evening,0,Medium,Low
Sunday,18-30,Male,Junior high school,Employee,5-10yr,Automobile,Owner,2-5yrs,Unkown,Residential areas,One way,Steep grade downward with mountainous terrain,Y Shape,Asphalt roads,Dry,Darkness - lights lit,Normal,Vehicle with vehicle collision,2,2.0,Getting off,na,na,na,na,No distancing,Slight Injury,1,Night,0,Medium,Low