Day_of_week,Age_band_of_driver,Sex_of_driver,Educational_level,Vehicle_driver_relation,Driving_experience,Type_of_vehicle,Owner_of_vehicle,Service_year_of_vehicle,Defect_of_vehicle,Area_accident_occured,Lanes_or_Medians,Road_allignment,Types_of_Junction,Road_surface_type,Road_surface_conditions,Light_conditions,Weather_conditions,Type_of_collision,Number_of_vehicles_involved,Number_of_casualties,Vehicle_movement,Casualty_class,Sex_of_casualty,Age_band_of_casualty,Casualty_severity,Cause_of_accident,Accident_severity,Accident_Hour,Time_Period,High_Risk_Weather,Vehicles_Category,Casualties_Category
Wednesday,18-30,Male,Junior high school,Employee,1-2yr,Other,Owner,Above 10yr,No defect, Church areas,other,Tangent road with flat terrain,T-Junction,Asphalt roads,Dry,Darkness - lights lit,Normal,Vehicle with vehicle collision,2,1.0,Going straight,na,na,na,na,Getting off the vehicle improperly,Slight Injury,11,Morning,0,Medium,Low
Wednesday,18-30,Male,Junior high school,Employee,Below 1yr,Stationwagen,Owner,Unknown,No defect,Office areas,Two-way (divided with broken lines road marking),Tangent road with flat terrain,T-Junction,Other,Dry,Daylight,Normal,Vehicle with vehicle collision,2,1.0,Moving Backward,Driver or rider,Male,31-50,3,Other,Slight Injury,11,Morning,0,Medium,Low
Tuesday,Over 51,Male,Junior high school,Employee,Above 10yr,Automobile,Owner,Unknown,No defect,Other,Two-way (divided with broken lines road marking),Tangent road with flat terrain,Unknown,Asphalt roads,Dry,Daylight,Normal,Vehicle with vehicle collision,2,1.0,Going straight,na,na,na,na,Other,Slight Injury,7,Morning,0,Medium,Low
Tuesday,18-30,Male,Junior high school,Employee,Below 1yr,Automobile,Owner,Unknown,No defect,Office areas,Two-way (divided with broken lines road marking),Tangent road with mild grade and flat terrain,T-Junction,Asphalt roads,Dry,Daylight,Normal,Rollover,2,1.0,Going straight,Pedestrian,Female,18-30,3,No distancing,Slight Injury,7,Morning,0,Medium,Low
Tuesday,18-30,Male,Junior high school,Employee,2-5yr,Lorry (41?100Q),Owner,Unknown,No defect,Office areas,Two-way (divided with broken lines road marking),Tangent road with flat terrain,T-Junction,Asphalt roads,Dry,Daylight,Normal,Collision with roadside objects,2,1.0,Going straight,Driver or rider,Female,18-30,3,No priority to vehicle,Slight Injury,7,Morning,0,Medium,Low
Tuesday,18-30,Male,Junior high school,Employee,1-2yr,Stationwagen,Owner,Above 10yr,No defect,Office areas,Two-way (divided with broken lines road marking),Sharp reverse curve,T-Junction,Asphalt roads,Dry,Daylight,Normal,Vehicle with vehicle collision,2,1.0,Going straight,Driver or rider,Female,31-50,3,Overtaking,Slight Injury,16,Afternoon,0,Medium,Low
Tuesday,31-50,Male,Elementary school,Employee,5-10yr,Lorry (41?100Q),Owner,Above 10yr,No defect, Church areas,Undivided Two way,Sharp reverse curve,T-Junction,Asphalt roads,Dry,Daylight,Normal,Vehicle with vehicle collision,2,1.0,Going straight,Driver or rider,Male,31-50,3,No priority to pedestrian,Slight Injury,16,Afternoon,0,Medium,Low
Monday,Under 18,Male,Junior high school,Owner,Below 1yr,Public (> 45 seats),Owner,Above 10yr,No defect,Office areas,Undivided Two way,Gentle horizontal curve,T-Junction,Asphalt roads,Dry,Daylight,Normal,Collision with roadside objects,2,2.0,Going straight,na,na,na,na,No distancing,Slight Injury,18,Evening,0,Medium,Low
Monday,Unknown,Male,Junior high school,Employee,Below 1yr,Automobile,Owner,5-10yrs,No defect,Other,Double carriageway (median),Gentle horizontal curve,Unknown,Asphalt roads,Dry,Daylight,Normal,Vehicle with vehicle collision,2,2.0,Unknown,Driver or rider,Male,5,3,Changing lane to the right,Slight Injury,18,Evening,0,Medium,Low
Tuesday,18-30,Male,Writing & reading,Employee,Below 1yr,Automobile,Owner,Unknown,Unkown,Other,Two-way (divided with broken lines road marking),Tangent road with flat terrain,Unknown,Other,Dry,Daylight,Normal,Vehicle with vehicle collision,2,1.0,Going straight,na,na,na,na,Driving carelessly,Slight Injury,18,Evening,0,Medium,Low
Tuesday,31-50,Male,Junior high school,Employee,1-2yr,Automobile,Owner,5-10yrs,No defect, Church areas,Unknown,Tangent road with mountainous terrain and,T-Junction,Asphalt roads,Dry,Daylight,Normal,Vehicle with vehicle collision,2,2.0,Reversing,Driver or rider,Male,18-30,2,Changing lane to the right,Slight Injury,18,Evening,0,Medium,Low
Tuesday,31-50,Male,Elementary school,Owner,5-10yr,Automobile,Owner,1-2yr,Unkown,School areas,Undivided Two way,Tangent road with flat terrain,Cross Road,Asphalt roads,Dry,Daylight,Normal,Rollover,2,2.0,Going straight,na,na,na,na,Overtaking,Slight Injury,18,Evening,0,Medium,Low
Sunday,18-30,Male,Junior high school,Employee,2-5yr,Lorry (41?100Q),Company,Unknown,Unkown, Church areas,Two-way (divided with broken lines road marking),Tangent road with flat terrain,T-Junction,Asphalt roads,Dry,Daylight,Normal,Rollover,2,3.5,Going straight,Driver or rider,Male,31-50,3,Other,Slight Injury,15,Afternoon,0,Medium,Medium
Sunday,31-50,Male,Junior high school,Owner,Below 1yr,Lorry (41?100Q),Owner,Above 10yr,Unkown,Office areas,Undivided Two way,Tangent road with flat terrain,T-Junction,Asphalt roads,Dry,Daylight,Normal,Collision with pedestrians,2,3.5,Going straight,Pedestrian,Male,31-50,2,Driving to the left,Slight Injury,15,Afternoon,0,Medium,Medium
Sunday,31-50,Male,Writing & reading,Employee,5-10yr,Automobile,Owner,2-5yrs,No defect,Other,other,Tangent road with flat terrain,Unknown,Asphalt roads,Dry,Daylight,Normal,Vehicle with vehicle collision,2,3.5,Going straight,Pedestrian,Female,31-50,3,Driving at high speed,Slight Injury,15,Afternoon,0,Medium,Medium
Tuesday,18-30,Male,Writing & reading,Employee,5-10yr,Stationwagen,Owner,Above 10yr,Unkown, Church areas,Two-way (divided with broken lines road marking),Steep grade upward with mountainous terrain,T-Junction,Asphalt roads,Dry,Daylight,Normal,Vehicle with vehicle collision,2,3.5,Going straight,Driver or rider,Male,18-30,3,Unknown,Slight Injury,10,Morning,0,Medium,Medium
Monday,31-50,Male,Junior high school,Employee,5-10yr,Public (12 seats),Governmental,1-2yr,No defect,Other,Double carriageway (median),Tangent road with flat terrain,Unknown,Asphalt roads,Dry,Daylight,Normal,Vehicle with vehicle collision,2,3.5,Going straight,Pedestrian,Female,18-30,3,Changing lane to the right,Slight Injury,19,Evening,0,Medium,Medium
Friday,18-30,Male,Junior high school,Employee,2-5yr,Public (12 seats),Governmental,Above 10yr,Unkown,Other,Double carriageway (median),Tangent road with flat terrain,Unknown,Asphalt roads,Dry,Daylight,Normal,Collision with pedestrians,2,3.5,Other,Driver or rider,Male,5,3,No distancing,Slight Injury,14,Afternoon,0,Medium,Medium
Friday,31-50,Male,Junior high school,Employee,Above 10yr,Automobile,Organization,5-10yrs,No defect,Office areas,Two-way (divided with broken lines road marking),Gentle horizontal curve,T-Junction,Asphalt roads,Dry,Daylight,Normal,Collision with pedestrians,2,1.0,Moving Backward,na,na,na,na,Other,Serious Injury,14,Afternoon,0,Medium,Low
Friday,31-50,Male,Junior high school,Employee,5-10yr,Public (12 seats),Organization,Above 10yr,No defect,Other,Two-way (divided with broken lines road marking),Tangent road with flat terrain,Unknown,Other,Dry,Daylight,Normal,Vehicle with vehicle collision,2,1.0,Other,Driver or rider,Male,18-30,3,No priority to vehicle,Serious Injury,14,Afternoon,0,Medium,Low
Sunday,Under 18,Male,Junior high school,Employee,Above 10yr,Public (12 seats),Owner,2-5yrs,No defect,Other,Two-way (divided with broken lines road marking),Tangent road with flat terrain,Unknown,Asphalt roads,Dry,Daylight,Normal,Vehicle with vehicle collision,2,1.0,Going straight,na,na,na,na,Changing lane to the left,Serious Injury,8,Morning,0,Medium,Low
Monday,Unknown,Male,Junior high school,Employee,2-5yr,Lorry (41?100Q),Governmental,Unknown,No defect,Residential areas,Two-way (divided with broken lines road marking),Tangent road with flat terrain,Cross Road,Asphalt roads,Dry,Daylight,Normal,Vehicle with vehicle collision,2,2.0,Going straight,Driver or rider,Male,18-30,2,No priority to pedestrian,Serious Injury,22,Night,0,Medium,Low
Monday,18-30,Male,Junior high school,Employee,Below 1yr,Automobile,Owner,2-5yrs,No defect,Office areas,Two-way (divided with broken lines road marking),Tangent road with flat terrain,T-Junction,Asphalt roads,Dry,Daylight,Normal,Collision with roadside objects,2,2.0,Going straight,Passenger,Female,18-30,3,Overtaking,Serious Injury,22,Night,0,Medium,Low
Friday,18-30,Male,Junior high school,Employee,Below 1yr,Lorry (41?100Q),Owner,2-5yrs,No defect, Church areas,One way,Tangent road with flat terrain,T-Junction,Asphalt roads,Dry,Daylight,Normal,Vehicle with vehicle collision,2,2.0,Other,Driver or rider,Female,Over 51,3,Driving carelessly,Serious Injury,15,Afternoon,0,Medium,Low
Friday,Over 51,Male,Junior high school,Owner,5-10yr,Automobile,Owner,1-2yr,No defect,Other,Undivided Two way,Tangent road with flat terrain,Unknown,Asphalt roads with some distress,Dry,Darkness - lights lit,Normal,Collision with roadside objects,2,3.0,Going straight,na,na,na,na,No priority to vehicle,Slight Injury,15,Afternoon,0,Medium,Medium
Friday,Over 51,Female,Junior high school,Employee,2-5yr,Automobile,Owner,Above 10yr,Unkown,  Market areas,other,Steep grade downward with mountainous terrain,Y-Junction,Asphalt roads,Dry,Darkness - lights lit,Normal,Vehicle with vehicle collision,2,3.0,Unknown,Driver or rider,Male,18-30,3,No priority to pedestrian,Slight Injury,15,Afternoon,0,Medium,Medium
Sunday,31-50,Male,Elementary school,Employee,Below 1yr,Stationwagen,Owner,Above 10yr,Unkown,Other,Two-way (divided with broken lines road marking),Tangent road with mountainous terrain and,Unknown,Asphalt roads,Dry,Darkness - lights lit,Normal,Vehicle with vehicle collision,2,3.0,Going straight,na,na,na,na,Changing lane to the right,Slight Injury,21,Night,0,Medium,Medium
Sunday,31-50,Male,Junior high school,Employee,2-5yr,Automobile,Owner,Unknown,No defect,Other,Undivided Two way,Tangent road with mountainous terrain and,Unknown,Asphalt roads,Dry,Darkness - lights lit,Normal,Collision with roadside objects,2,3.0,Going straight,Driver or rider,Male,18-30,3,Driving carelessly,Slight Injury,21,Night,0,Medium,Medium
Sunday,18-30,Male,Junior high school,Employee,5-10yr,Automobile,Owner,Unknown,No defect, Church areas,Undivided Two way,Tangent road with flat terrain,T-Junction,Asphalt roads,Dry,Daylight,Normal,Vehicle with vehicle collision,2,1.0,Going straight,na,na,na,na,Changing lane to the right,Slight Injury,21,Night,0,Medium,Low
Sunday,18-30,Male,High school,Employee,Above 10yr,Automobile,Governmental,1-2yr,No defect,Residential areas,Undivided Two way,Tangent road with flat terrain,Cross Road,Asphalt roads,Wet or damp,Daylight,Raining,Vehicle with vehicle collision,2,1.0,Going straight,na,na,na,na,Changing lane to the right,Slight Injury,21,Night,1,Medium,Low
Monday,18-30,Male,High school,Employee,Above 10yr,Stationwagen,Owner,Unknown,No defect,Other,Undivided Two way,Tangent road with flat terrain,Unknown,Earth roads,Wet or damp,Daylight,Raining,Collision with roadside objects,2,1.0,Moving Backward,Driver or rider,Male,31-50,3,Changing lane to the left,Slight Injury,16,Afternoon,1,Medium,Low
Monday,31-50,Male,Junior high school,Employee,5-10yr,Automobile,Owner,Unknown,No defect,Other,Two-way (divided with broken lines road marking),Tangent road with flat terrain,Unknown,Asphalt roads,Wet or damp,Daylight,Raining,Collision with roadside objects,2,1.0,Moving Backward,Driver or rider,Male,31-50,3,Overturning,Slight Injury,16,Afternoon,1,Medium,Low
Monday,Over 51,Male,Elementary school,Employee,1-2yr,Other,Owner,Unknown,No defect,Other,Double carriageway (median),Tangent road with flat terrain,Unknown,Asphalt roads,Wet or damp,Daylight,Raining,Vehicle with vehicle collision,2,1.0,Going straight,na,na,na,na,Driving carelessly,Slight Injury,16,Afternoon,1,Medium,Low
Friday,31-50,Male,Elementary school,Employee,5-10yr,Other,Owner,Unknown,No defect,  Recreational areas,Two-way (divided with broken lines road marking),Tangent road with flat terrain,Roundabout,Asphalt roads,Wet or damp,Daylight,Raining,Vehicle with vehicle collision,2,1.0,Going straight,Driver or rider,Male,31-50,3,No distancing,Slight Injury,15,Afternoon,1,Medium,Low
Friday,31-50,Male,Junior high school,Employee,5-10yr,Automobile,Owner,Unknown,No defect,  Recreational areas,One way,Tangent road with flat terrain,Roundabout,Asphalt roads,Wet or damp,Daylight,Raining,Vehicle with vehicle collision,2,1.0,Turnover,na,na,na,na,Driving carelessly,Slight Injury,15,Afternoon,1,Medium,Low
Saturday,Over 51,Male,Junior high school,Employee,1-2yr,Lorry (41?100Q),Owner,Unknown,No defect,Other,Two-way (divided with broken lines road marking),Tangent road with flat terrain,Unknown,Asphalt roads,Dry,Daylight,Normal,Vehicle with vehicle collision,2,2.0,Going straight,na,na,na,na,Changing lane to the left,Slight Injury,14,Afternoon,0,Medium,Low
Wednesday,31-50,Male,Junior high school,Owner,5-10yr,Lorry (41?100Q),Organization,1-2yr,No defect,Office areas,Two-way (divided with broken lines road marking),Tangent road with flat terrain,T-Junction,Asphalt roads,Dry,Daylight,Normal,Vehicle with vehicle collision,2,2.0,Going straight,Driver or rider,Male,31-50,3,No priority to vehicle,Slight Injury,19,Evening,0,Medium,Low
Wednesday,Over 51,Female,High school,Owner,Above 10yr,Lorry (41?100Q),Owner,2-5yrs,No defect,Residential areas,Two-way (divided with broken lines road marking),Tangent road with flat terrain,Cross Road,Asphalt roads,Dry,Daylight,Normal,Vehicle with vehicle collision,2,2.0,Going straight,Driver or rider,Male,Under 18,2,Changing lane to the right,Slight Injury,19,Evening,0,Medium,Low
Friday,Over 51,Male,Junior high school,Owner,Below 1yr,Automobile,Owner,2-5yrs,No defect,Other,Two-way (divided with broken lines road marking),Tangent road with flat terrain,Unknown,Asphalt roads,Wet or damp,Daylight,Normal,Vehicle with vehicle collision,2,1.0,Going straight,na,na,na,na,No distancing,Serious Injury,16,Afternoon,0,Medium,Low
Monday,18-30,Male,Writing & reading,Owner,5-10yr,Automobile,Owner,1-2yr,Unkown,Residential areas,Undivided Two way,Steep grade downward with mountainous terrain,Cross Road,Asphalt roads,Dry,Daylight,Normal,Vehicle with vehicle collision,2,1.0,Going straight,Pedestrian,Male,31-50,3,Moving Backward,Serious Injury,17,Evening,0,Medium,Low
Monday,18-30,Male,Above high school,Employee,Above 10yr,Public (13?45 seats),Owner,Unknown,No defect, Church areas,Double carriageway (median),Tangent road with flat terrain,T-Junction,Asphalt roads,Dry,Daylight,Normal,Vehicle with vehicle collision,2,1.0,Going straight,Driver or rider,Female,31-50,3,Moving Backward,Serious Injury,17,Evening,0,Medium,Low
Tuesday,31-50,Male,High school,Employee,Below 1yr,Public (13?45 seats),Owner,2-5yrs,Unkown,Other,One way,Tangent road with flat terrain,Unknown,Asphalt roads,Dry,Daylight,Normal,Vehicle with vehicle collision,2,1.0,Going straight,na,na,na,na,No distancing,Serious Injury,9,Morning,0,Medium,Low
Tuesday,Over 51,Male,Junior high school,Employee,1-2yr,Lorry (41?100Q),Owner,5-10yrs,No defect,Office areas,Two-way (divided with broken lines road marking),Tangent road with mountainous terrain and,T-Junction,Gravel roads,Dry,Daylight,Normal,Vehicle with vehicle collision,2,1.0,Going straight,Driver or rider,Male,31-50,3,No distancing,Serious Injury,9,Morning,0,Medium,Low
Thursday,Over 51,Male,Junior high school,Employee,Above 10yr,Lorry (41?100Q),Owner,2-5yrs,Unkown,Other,Undivided Two way,Tangent road with flat terrain,Unknown,Asphalt roads,Dry,Daylight,Normal,Vehicle with vehicle collision,2,1.0,Unknown,na,na,na,na,No distancing,Slight Injury,10,Morning,0,Medium,Low
Thursday,Over 51,Female,Junior high school,Owner,Above 10yr,Public (12 seats),Owner,Unknown,Unkown,  Recreational areas,Two-way (divided with broken lines road marking),Steep grade downward with mountainous terrain,Roundabout,Asphalt roads,Dry,Daylight,Normal,Vehicle with vehicle collision,2,1.0,Other,na,na,na,na,No priority to pedestrian,Slight Injury,10,Morning,0,Medium,Low
Thursday,18-30,Male,Junior high school,Employee,Above 10yr,Other,Owner,Unknown,No defect,Other,Undivided Two way,Tangent road with flat terrain,Unknown,Asphalt roads,Dry,Daylight,Normal,Vehicle with vehicle collision,2,1.0,Getting off,Driver or rider,Female,5,3,Driving carelessly,Slight Injury,21,Night,0,Medium,Low
Thursday,18-30,Male,Junior high school,Employee,No Licence,Lorry (41?100Q),Owner,1-2yr,No defect,Office areas,Two-way (divided with broken lines road marking),Tangent road with flat terrain,T-Junction,Asphalt roads,Wet or damp,Daylight,Raining,Vehicle with vehicle collision,2,1.0,Going straight,na,na,na,na,Changing lane to the right,Slight Injury,21,Night,1,Medium,Low
Friday,Under 18,Male,Junior high school,Employee,1-2yr,Automobile,Governmental,Unknown,No defect,Residential areas,Undivided Two way,Tangent road with flat terrain,Cross Road,Asphalt roads,Dry,Daylight,Normal,Vehicle with vehicle collision,2,1.0,Going straight,Driver or rider,Female,31-50,3,Changing lane to the left,Slight Injury,16,Afternoon,0,Medium,Low
Friday,18-30,Male,Illiterate,Owner,1-2yr,Other,Owner,Unknown,No defect,Office areas,One way,Tangent road with flat terrain,T-Junction,Asphalt roads,Dry,Daylight,Normal,Vehicle with vehicle collision,2,1.0,Going straight,Pedestrian,Female,18-30,3,Driving carelessly,Slight Injury,16,Afternoon,0,Medium,Low
Friday,31-50,Male,Junior high school,Owner,Below 1yr,Motorcycle,Owner,Unknown,No defect,Office areas,Two-way (divided with broken lines road marking),Tangent road with flat terrain,T-Junction,Asphalt roads,Dry,Daylight,Normal,Vehicle with vehicle collision,2,1.0,Other,Pedestrian,Female,18-30,3,Driving carelessly,Slight Injury,16,Afternoon,0,Medium,Low
Saturday,18-30,Male,Junior high school,Owner,1-2yr,Automobile,Owner,Unknown,No defect, Church areas,Double carriageway (median),Tangent road with flat terrain,T-Junction,Asphalt roads,Dry,Daylight,Normal,Collision with roadside objects,2,2.0,Going straight,Driver or rider,Male,31-50,3,No distancing,Serious Injury,19,Evening,0,Medium,Low
Saturday,18-30,Male,Junior high school,Owner,2-5yr,Automobile,Owner,Unknown,No defect, Church areas,Undivided Two way,Tangent road with flat terrain,T-Junction,Asphalt roads,Dry,Daylight,Normal,Vehicle with vehicle collision,2,2.0,Moving Backward,na,na,na,na,Other,Serious Injury,19,Evening,0,Medium,Low
Saturday,18-30,Male,Unknown,Owner,5-10yr,Lorry (41?100Q),Owner,Unknown,No defect,Residential areas,Undivided Two way,Tangent road with flat terrain,Cross Road,Asphalt roads,Dry,Daylight,Normal,Collision with pedestrians,2,1.0,Other,Driver or rider,Male,18-30,3,Changing lane to the right,Slight Injury,19,Evening,0,Medium,Low
Sunday,31-50,Male,Unknown,Owner,Above 10yr,Automobile,Owner,Unknown,No defect,Other,Undivided Two way,Tangent road with flat terrain,Unknown,Asphalt roads,Dry,Daylight,Normal,Vehicle with vehicle collision,2,1.0,Going straight,na,na,na,na,Changing lane to the right,Slight Injury,9,Morning,0,Medium,Low
Sunday,18-30,Male,Junior high school,Owner,2-5yr,Public (> 45 seats),Owner,Unknown,Unkown,Other,other,Tangent road with flat terrain,Unknown,Asphalt roads,Dry,Daylight,Normal,Collision with roadside objects,2,1.0,Going straight,Driver or rider,Male,31-50,3,No distancing,Slight Injury,9,Morning,0,Medium,Low
Wednesday,Over 51,Male,Elementary school,Owner,Above 10yr,Lorry (41?100Q),Owner,Unknown,No defect,Other,Undivided Two way,Tangent road with flat terrain,Unknown,Asphalt roads,Dry,Daylight,Normal,Vehicle with vehicle collision,2,1.0,Going straight,na,na,na,na,No distancing,Slight Injury,11,Morning,0,Medium,Low
Wednesday,Over 51,Female,Writing & reading,Owner,5-10yr,Public (> 45 seats),Owner,2-5yrs,Unkown,Residential areas,Undivided Two way,Tangent road with flat terrain,Cross Road,Asphalt roads,Dry,Daylight,Normal,Vehicle with vehicle collision,2,1.0,Unknown,Driver or rider,Female,18-30,3,Overturning,Slight Injury,11,Morning,0,Medium,Low
Friday,31-50,Male,Junior high school,Owner,5-10yr,Lorry (41?100Q),Owner,Unknown,Unkown,Office areas,Undivided Two way,Tangent road with flat terrain,T-Junction,Asphalt roads,Dry,Daylight,Normal,Vehicle with vehicle collision,2,1.0,Going straight,Driver or rider,Female,18-30,3,Driving at high speed,Slight Injury,8,Morning,0,Medium,Low
Friday,18-30,Male,Junior high school,Owner,5-10yr,Lorry (41?100Q),Owner,Unknown,Unkown,Residential areas,Undivided Two way,Tangent road with flat terrain,Cross Road,Asphalt roads,Dry,Daylight,Normal,Vehicle with vehicle collision,2,1.0,Going straight,na,na,na,na,No priority to vehicle,Slight Injury,6,Morning,0,Medium,Low
Friday,18-30,Male,Junior high school,Owner,Below 1yr,Lorry (41?100Q),Owner,Unknown,No defect,Other,Two-way (divided with broken lines road marking),Tangent road with flat terrain,Unknown,Asphalt roads,Dry,Daylight,Normal,Vehicle with vehicle collision,2,1.0,Going straight,Driver or rider,Male,18-30,3,No priority to pedestrian,Slight Injury,6,Morning,0,Medium,Low
Thursday,18-30,Male,Junior high school,Owner,2-5yr,Public (12 seats),Owner,Unknown,No defect,Other,Two-way (divided with broken lines road marking),Tangent road with flat terrain,Unknown,Asphalt roads,Dry,Daylight,Normal,Rollover,2,1.0,Going straight,na,na,na,na,No priority to vehicle,Slight Injury,9,Morning,0,Medium,Low
Thursday,18-30,Male,Elementary school,Employee,2-5yr,Public (12 seats),Owner,Unknown,No defect,  Recreational areas,Two-way (divided with broken lines road marking),Tangent road with flat terrain,Roundabout,Asphalt roads,Dry,Darkness - lights lit,Normal,Collision with roadside objects,2,1.0,Going straight,Driver or rider,Male,18-30,3,Other,Slight Injury,9,Morning,0,Medium,Low
Friday,31-50,Male,Junior high school,Employee,2-5yr,Stationwagen,Owner,5-10yrs,Unkown, Church areas,One way,Tangent road with flat terrain,T-Junction,Asphalt roads,Dry,Daylight,Normal,Vehicle with vehicle collision,2,3.0,Going straight,na,na,na,na,Other,Slight Injury,9,Morning,0,Medium,Medium
Friday,31-50,Male,Junior high school,Employee,2-5yr,Lorry (41?100Q),Owner,Unknown,Unkown,School areas,Two-way (divided with broken lines road marking),Tangent road with flat terrain,Cross Road,Asphalt roads,Dry,Daylight,Normal,Vehicle with vehicle collision,2,3.0,Going straight,na,na,na,na,Moving Backward,Slight Injury,9,Morning,0,Medium,Medium
Monday,Over 51,Male,Junior high school,Employee,5-10yr,Automobile,Owner,2-5yrs,Unkown,Office areas,Undivided Two way,Tangent road with flat terrain,T-Junction,Asphalt roads,Dry,Daylight,Normal,Collision with roadside objects,2,3.0,Going straight,Driver or rider,Male,31-50,3,No distancing,Slight Injury,17,Evening,0,Medium,Medium
Monday,31-50,Male,Junior high school,Employee,5-10yr,Pick up upto 10Q,Owner,1-2yr,Unkown,Other,Two-way (divided with broken lines road marking),Tangent road with flat terrain,Unknown,Asphalt roads,Dry,Daylight,Normal,Vehicle with vehicle collision,2,1.0,Going straight,Driver or rider,Male,18-30,3,Moving Backward,Slight Injury,17,Evening,0,Medium,Low
Sunday,31-50,Male,Junior high school,Employee,Above 10yr,Automobile,Owner,5-10yrs,Unkown,Residential areas,Undivided Two way,Tangent road with flat terrain,Cross Road,Asphalt roads,Dry,Daylight,Normal,Vehicle with vehicle collision,2,1.0,Going straight,na,na,na,na,No priority to vehicle,Slight Injury,16,Afternoon,0,Medium,Low
Sunday,Under 18,Male,Elementary school,Employee,5-10yr,Public (13?45 seats),Owner,Above 10yr,Unkown,Other,Undivided Two way,Tangent road with flat terrain,Unknown,Earth roads,Dry,Darkness - lights lit,Normal,Vehicle with vehicle collision,2,1.0,Going straight,na,na,na,na,Driving carelessly,Slight Injury,16,Afternoon,0,Medium,Low
Tuesday,31-50,Male,Junior high school,Employee,5-10yr,Public (> 45 seats),Owner,1-2yr,No defect,Other,other,Steep grade downward with mountainous terrain,Unknown,Asphalt roads,Dry,Darkness - lights lit,Normal,Vehicle with vehicle collision,2,1.0,Unknown,Driver or rider,Female,18-30,3,No distancing,Slight Injury,15,Afternoon,0,Medium,Low
Tuesday,Under 18,Male,Junior high school,Employee,Above 10yr,Stationwagen,Owner,2-5yrs,Unkown,Office areas,One way,Steep grade downward with mountainous terrain,T-Junction,Asphalt roads,Dry,Darkness - lights lit,Normal,Vehicle with vehicle collision,2,1.0,Going straight,Passenger,Female,31-50,2,Other,Slight Injury,15,Afternoon,0,Medium,Low
Saturday,18-30,Male,Elementary school,Owner,5-10yr,Automobile,Owner,Unknown,No defect,Residential areas,Two-way (divided with broken lines road marking),Tangent road with flat terrain,Cross Road,Asphalt roads,Dry,Daylight,Normal,Vehicle with vehicle collision,2,3.0,Going straight,Driver or rider,Male,31-50,3,Changing lane to the right,Slight Injury,20,Evening,0,Medium,Medium
Saturday,18-30,Male,Junior high school,Owner,5-10yr,Lorry (41?100Q),Owner,Unknown,No defect,Other,Two-way (divided with broken lines road marking),Tangent road with flat terrain,Unknown,Asphalt roads,Dry,Daylight,Normal,Collision with pedestrians,2,3.0,Going straight,na,na,na,na,No distancing,Slight Injury,20,Evening,0,Medium,Medium
Wednesday,31-50,Male,Junior high school,Employee,5-10yr,Stationwagen,Organization,2-5yrs,Unkown,Residential areas,Undivided Two way,Tangent road with flat terrain,Cross Road,Earth roads,Dry,Daylight,Normal,Vehicle with vehicle collision,2,3.0,Going straight,Driver or rider,Male,18-30,3,Driving carelessly,Slight Injury,7,Morning,0,Medium,Medium
Wednesday,Under 18,Male,Junior high school,Employee,Below 1yr,Lorry (41?100Q),Owner,Unknown,No defect, Church areas,Two-way (divided with broken lines road marking),Tangent road with flat terrain,T-Junction,Asphalt roads,Dry,Daylight,Normal,Collision with roadside objects,2,3.0,Turnover,na,na,na,na,No distancing,Slight Injury,7,Morning,0,Medium,Medium
Sunday,Over 51,Male,Junior high school,Employee,5-10yr,Public (12 seats),Governmental,Unknown,No defect,Residential areas,Two-way (divided with broken lines road marking),Tangent road with flat terrain,Cross Road,Asphalt roads,Dry,Daylight,Normal,Vehicle with vehicle collision,2,1.0,Moving Backward,na,na,na,na,No priority to vehicle,Serious Injury,19,Evening,0,Medium,Low
Wednesday,31-50,Male,Junior high school,Employee,5-10yr,Lorry (41?100Q),Owner,Unknown,No defect,Office areas,One way,Tangent road with flat terrain,T-Junction,Earth roads,Dry,Darkness - lights lit,Normal,Vehicle with vehicle collision,2,1.0,Going straight,Driver or rider,Male,18-30,3,Changing lane to the right,Serious Injury,6,Morning,0,Medium,Low
Wednesday,Under 18,Male,Junior high school,Employee,5-10yr,Other,Governmental,Below 1yr,No defect,Residential areas,Two-way (divided with broken lines road marking),Tangent road with flat terrain,Cross Road,Asphalt roads,Dry,Daylight,Normal,Vehicle with vehicle collision,2,1.0,Going straight,Pedestrian,Male,31-50,3,No priority to pedestrian,Serious Injury,6,Morning,0,Medium,Low
Friday,18-30,Male,Junior high school,Employee,Above 10yr,Stationwagen,Owner,Unknown,No defect,Other,One way,Tangent road with flat terrain,Unknown,Asphalt roads,Dry,Daylight,Normal,Vehicle with vehicle collision,2,1.0,Moving Backward,Passenger,Male,Over 51,3,No priority to vehicle,Serious Injury,12,Afternoon,0,Medium,Low
Friday,18-30,Female,High school,Employee,Above 10yr,Automobile,Owner,Unknown,Unkown, Industrial areas,Two-way (divided with broken lines road marking),Tangent road with flat terrain,Roundabout,Asphalt roads,Dry,Daylight,Normal,Vehicle with vehicle collision,2,1.0,Going straight,Pedestrian,Female,18-30,2,Changing lane to the left,Slight Injury,12,Afternoon,0,Medium,Low
Friday,Over 51,Male,Junior high school,Employee,Above 10yr,Public (> 45 seats),Owner,Unknown,Unkown, Church areas,Two-way (divided with broken lines road marking),Tangent road with flat terrain,T-Junction,Asphalt roads,Dry,Daylight,Normal,Vehicle with vehicle collision,2,1.0,Moving Backward,na,na,na,na,Turnover,Slight Injury,12,Afternoon,0,Medium,Low
Tuesday,31-50,Male,Junior high school,Employee,Above 10yr,Other,Owner,2-5yrs,No defect,Residential areas,Undivided Two way,Steep grade downward with mountainous terrain,Cross Road,Asphalt roads,Dry,Daylight,Normal,Vehicle with vehicle collision,2,1.0,Going straight,Driver or rider,Male,18-30,2,Driving to the left,Slight Injury,18,Evening,0,Medium,Low